INT	INT	INT	INT
旧外观ID	幻化外观1	幻化外观2	金币
3001	-1	-1	100000
3009	-1	-1	100000
3011	-1	-1	100000
3019	-1	-1	100000
3021	-1	-1	100000
3029	-1	-1	100000
3031	-1	-1	100000
3039	-1	-1	100000
3041	-1	-1	100000
3049	-1	-1	100000
3051	-1	-1	100000
3059	-1	-1	100000
3061	-1	-1	100000
3062	-1	-1	100000
3069	-1	-1	100000
3071	-1	-1	100000
3072	-1	-1	100000
3079	-1	-1	100000
3081	-1	-1	100000
3082	-1	-1	100000
3089	-1	-1	100000
3091	-1	-1	100000
3092	-1	-1	100000
3099	-1	-1	100000
3101	-1	-1	100000
3102	-1	-1	100000
3109	-1	-1	100000
3111	-1	-1	100000
3112	-1	-1	100000
3119	-1	-1	100000
3121	-1	-1	100000
3122	-1	-1	100000
3129	-1	-1	100000
3131	-1	-1	500000
3132	-1	-1	500000
3133	-1	-1	500000
3139	-1	-1	500000
3141	-1	-1	500000
3142	-1	-1	500000
3143	-1	-1	500000
3149	-1	-1	500000
3151	-1	-1	500000
3152	-1	-1	500000
3153	-1	-1	500000
3159	-1	-1	500000
3161	-1	-1	500000
3162	-1	-1	500000
3163	-1	-1	500000
3169	-1	-1	500000
3171	-1	-1	600000
3172	-1	-1	600000
3173	-1	-1	600000
3174	-1	-1	600000
3179	-1	-1	600000
3181	-1	-1	600000
3182	-1	-1	600000
3183	-1	-1	600000
3184	-1	-1	600000
3189	-1	-1	600000
3191	-1	-1	600000
3192	-1	-1	600000
3193	-1	-1	600000
3194	-1	-1	600000
3199	-1	-1	600000
3201	-1	-1	600000
3202	-1	-1	600000
3203	-1	-1	600000
3204	-1	-1	600000
3209	-1	-1	600000
3211	-1	-1	700000
3212	-1	-1	700000
3213	-1	-1	700000
3214	-1	-1	700000
3215	-1	-1	700000
3219	-1	-1	700000
3221	-1	-1	700000
3222	-1	-1	700000
3223	-1	-1	700000
3224	-1	-1	700000
3225	-1	-1	700000
3229	-1	-1	700000
3231	-1	-1	700000
3232	-1	-1	700000
3233	-1	-1	700000
3234	-1	-1	700000
3235	-1	-1	700000
3239	-1	-1	700000
3241	-1	-1	700000
3242	-1	-1	700000
3243	-1	-1	700000
3244	-1	-1	700000
3245	-1	-1	700000
3249	-1	-1	700000
3251	-1	-1	800000
3252	-1	-1	800000
3253	-1	-1	800000
3254	-1	-1	800000
3255	-1	-1	800000
3256	-1	-1	800000
3259	-1	-1	800000
3261	-1	-1	800000
3262	-1	-1	800000
3263	-1	-1	800000
3264	-1	-1	800000
3265	-1	-1	800000
3266	-1	-1	800000
3269	-1	-1	800000
3271	-1	-1	800000
3272	-1	-1	800000
3273	-1	-1	800000
3274	-1	-1	800000
3275	-1	-1	800000
3276	-1	-1	800000
3279	-1	-1	800000
3281	-1	-1	800000
3282	-1	-1	800000
3283	-1	-1	800000
3284	-1	-1	800000
3285	-1	-1	800000
3286	-1	-1	800000
3289	-1	-1	800000
3291	25001	25002	990000
3292	25001	25002	990000
3293	25001	25002	990000
3294	25001	25002	990000
3295	25001	25002	990000
3296	25001	25002	990000
3297	25001	25002	990000
3299	25001	25002	990000
3301	25011	25012	990000
3302	25011	25012	990000
3303	25011	25012	990000
3304	25011	25012	990000
3305	25011	25012	990000
3306	25011	25012	990000
3307	25011	25012	990000
3309	25011	25012	990000
3311	25021	25022	990000
3312	25021	25022	990000
3313	25021	25022	990000
3314	25021	25022	990000
3315	25021	25022	990000
3316	25021	25022	990000
3317	25021	25022	990000
3319	25021	25022	990000
3321	25031	25032	990000
3322	25031	25032	990000
3323	25031	25032	990000
3324	25031	25032	990000
3325	25031	25032	990000
3326	25031	25032	990000
3327	25031	25032	990000
3329	25031	25032	990000
3331	25351	25352	990000
3332	25351	25352	990000
3333	25351	25352	990000
3334	25351	25352	990000
3335	25351	25352	990000
3336	25351	25352	990000
3337	25351	25352	990000
3338	25351	25352	990000
3339	25351	25352	990000
3341	25361	25362	990000
3342	25361	25362	990000
3343	25361	25362	990000
3344	25361	25362	990000
3345	25361	25362	990000
3346	25361	25362	990000
3347	25361	25362	990000
3348	25361	25362	990000
3349	25361	25362	990000
3351	-1	-1	300000
3352	-1	-1	300000
3359	-1	-1	300000
3361	-1	-1	100000
3362	-1	-1	100000
3369	-1	-1	100000
3371	-1	-1	100000
3372	-1	-1	100000
3379	-1	-1	100000
3381	-1	-1	100000
3382	-1	-1	100000
3389	-1	-1	100000
3391	-1	-1	100000
3392	-1	-1	100000
3399	-1	-1	100000
3401	-1	-1	100000
3402	-1	-1	100000
3409	-1	-1	100000
3411	-1	-1	100000
3412	-1	-1	100000
3419	-1	-1	100000
3421	-1	-1	100000
3422	-1	-1	100000
3429	-1	-1	100000
3431	-1	-1	800000
3432	-1	-1	800000
3433	-1	-1	800000
3434	-1	-1	800000
3435	-1	-1	800000
3436	-1	-1	800000
3439	-1	-1	800000
3441	-1	-1	100000
3442	-1	-1	100000
3449	-1	-1	100000
3451	-1	-1	100000
3459	-1	-1	100000
3461	-1	-1	100000
3469	-1	-1	100000
3471	-1	-1	800000
3472	-1	-1	800000
3473	-1	-1	800000
3474	-1	-1	800000
3475	-1	-1	800000
3476	-1	-1	800000
3479	-1	-1	800000
3481	-1	-1	100000
3489	-1	-1	100000
3491	-1	-1	100000
3492	-1	-1	100000
3499	-1	-1	100000
4216	-1	-1	400000
6001	-1	-1	700000
6002	-1	-1	700000
6003	-1	-1	700000
6004	-1	-1	700000
6005	-1	-1	700000
6009	-1	-1	700000
6011	-1	-1	100000
6012	-1	-1	100000
6019	-1	-1	100000
6021	-1	-1	500000
6022	-1	-1	500000
6023	-1	-1	500000
6029	-1	-1	500000
6031	-1	-1	600000
6032	-1	-1	600000
6033	-1	-1	600000
6034	-1	-1	600000
6039	-1	-1	600000
6041	-1	-1	700000
6042	-1	-1	700000
6043	-1	-1	700000
6044	-1	-1	700000
6045	-1	-1	700000
6049	-1	-1	700000
6051	-1	-1	800000
6052	-1	-1	800000
6053	-1	-1	800000
6054	-1	-1	800000
6055	-1	-1	800000
6056	-1	-1	800000
6059	-1	-1	800000
6061	-1	-1	100000
6062	-1	-1	100000
6069	-1	-1	100000
6071	-1	-1	500000
6072	-1	-1	500000
6073	-1	-1	500000
6079	-1	-1	500000
6081	-1	-1	600000
6082	-1	-1	600000
6083	-1	-1	600000
6084	-1	-1	600000
6089	-1	-1	600000
6091	-1	-1	700000
6092	-1	-1	700000
6093	-1	-1	700000
6094	-1	-1	700000
6095	-1	-1	700000
6099	-1	-1	700000
6101	-1	-1	800000
6102	-1	-1	800000
6103	-1	-1	800000
6104	-1	-1	800000
6105	-1	-1	800000
6106	-1	-1	800000
6109	-1	-1	800000
6111	-1	-1	100000
6112	-1	-1	100000
6119	-1	-1	100000
6121	-1	-1	500000
6122	-1	-1	500000
6123	-1	-1	500000
6129	-1	-1	500000
6131	-1	-1	600000
6132	-1	-1	600000
6133	-1	-1	600000
6134	-1	-1	600000
6139	-1	-1	600000
6141	-1	-1	700000
6142	-1	-1	700000
6143	-1	-1	700000
6144	-1	-1	700000
6145	-1	-1	700000
6149	-1	-1	700000
6151	-1	-1	800000
6152	-1	-1	800000
6153	-1	-1	800000
6154	-1	-1	800000
6155	-1	-1	800000
6156	-1	-1	800000
6159	-1	-1	800000
6161	-1	-1	100000
6162	-1	-1	100000
6169	-1	-1	100000
6171	-1	-1	500000
6172	-1	-1	500000
6173	-1	-1	500000
6179	-1	-1	500000
6181	-1	-1	600000
6182	-1	-1	600000
6183	-1	-1	600000
6184	-1	-1	600000
6189	-1	-1	600000
6191	-1	-1	700000
6192	-1	-1	700000
6193	-1	-1	700000
6194	-1	-1	700000
6195	-1	-1	700000
6199	-1	-1	700000
6201	-1	-1	800000
6202	-1	-1	800000
6203	-1	-1	800000
6204	-1	-1	800000
6205	-1	-1	800000
6206	-1	-1	800000
6209	-1	-1	800000
6211	-1	-1	100000
6212	-1	-1	100000
6219	-1	-1	100000
6221	-1	-1	500000
6222	-1	-1	500000
6223	-1	-1	500000
6229	-1	-1	500000
6231	-1	-1	600000
6232	-1	-1	600000
6233	-1	-1	600000
6234	-1	-1	600000
6239	-1	-1	600000
6241	-1	-1	700000
6242	-1	-1	700000
6243	-1	-1	700000
6244	-1	-1	700000
6245	-1	-1	700000
6249	-1	-1	700000
6251	-1	-1	800000
6252	-1	-1	800000
6253	-1	-1	800000
6254	-1	-1	800000
6255	-1	-1	800000
6256	-1	-1	800000
6259	-1	-1	800000
6261	-1	-1	100000
6262	-1	-1	100000
6269	-1	-1	100000
6271	-1	-1	500000
6272	-1	-1	500000
6273	-1	-1	500000
6279	-1	-1	500000
6281	-1	-1	600000
6282	-1	-1	600000
6283	-1	-1	600000
6284	-1	-1	600000
6289	-1	-1	600000
6291	-1	-1	700000
6292	-1	-1	700000
6293	-1	-1	700000
6294	-1	-1	700000
6295	-1	-1	700000
6299	-1	-1	700000
6301	-1	-1	800000
6302	-1	-1	800000
6303	-1	-1	800000
6304	-1	-1	800000
6305	-1	-1	800000
6306	-1	-1	800000
6309	-1	-1	800000
6311	-1	-1	100000
6312	-1	-1	100000
6319	-1	-1	100000
6321	-1	-1	500000
6322	-1	-1	500000
6323	-1	-1	500000
6329	-1	-1	500000
6331	-1	-1	600000
6332	-1	-1	600000
6333	-1	-1	600000
6334	-1	-1	600000
6339	-1	-1	600000
6341	-1	-1	700000
6342	-1	-1	700000
6343	-1	-1	700000
6344	-1	-1	700000
6345	-1	-1	700000
6349	-1	-1	700000
6351	-1	-1	800000
6352	-1	-1	800000
6353	-1	-1	800000
6354	-1	-1	800000
6355	-1	-1	800000
6356	-1	-1	800000
6359	-1	-1	800000
6361	-1	-1	100000
6362	-1	-1	100000
6369	-1	-1	100000
6371	-1	-1	500000
6372	-1	-1	500000
6373	-1	-1	500000
6379	-1	-1	500000
6381	-1	-1	600000
6382	-1	-1	600000
6383	-1	-1	600000
6384	-1	-1	600000
6389	-1	-1	600000
6391	-1	-1	700000
6392	-1	-1	700000
6393	-1	-1	700000
6394	-1	-1	700000
6395	-1	-1	700000
6399	-1	-1	700000
6401	-1	-1	800000
6402	-1	-1	800000
6403	-1	-1	800000
6404	-1	-1	800000
6405	-1	-1	800000
6406	-1	-1	800000
6409	-1	-1	800000
6411	-1	-1	100000
6412	-1	-1	100000
6419	-1	-1	100000
6421	-1	-1	500000
6422	-1	-1	500000
6423	-1	-1	500000
6429	-1	-1	500000
6431	-1	-1	600000
6432	-1	-1	600000
6433	-1	-1	600000
6434	-1	-1	600000
6439	-1	-1	600000
6441	-1	-1	700000
6442	-1	-1	700000
6443	-1	-1	700000
6444	-1	-1	700000
6445	-1	-1	700000
6449	-1	-1	700000
6451	-1	-1	800000
6452	-1	-1	800000
6453	-1	-1	800000
6454	-1	-1	800000
6455	-1	-1	800000
6456	-1	-1	800000
6459	-1	-1	800000
6461	-1	-1	100000
6462	-1	-1	100000
6469	-1	-1	100000
6471	-1	-1	500000
6472	-1	-1	500000
6473	-1	-1	500000
6479	-1	-1	500000
6481	-1	-1	600000
6482	-1	-1	600000
6483	-1	-1	600000
6484	-1	-1	600000
6489	-1	-1	600000
6491	-1	-1	700000
6492	-1	-1	700000
6493	-1	-1	700000
6494	-1	-1	700000
6495	-1	-1	700000
6499	-1	-1	700000
6501	-1	-1	800000
6502	-1	-1	800000
6503	-1	-1	800000
6504	-1	-1	800000
6505	-1	-1	800000
6506	-1	-1	800000
6509	-1	-1	800000
6511	-1	-1	100000
6512	-1	-1	100000
6519	-1	-1	100000
6521	-1	-1	500000
6522	-1	-1	500000
6523	-1	-1	500000
6529	-1	-1	500000
6531	-1	-1	600000
6532	-1	-1	600000
6533	-1	-1	600000
6534	-1	-1	600000
6539	-1	-1	600000
6541	-1	-1	700000
6542	-1	-1	700000
6543	-1	-1	700000
6544	-1	-1	700000
6545	-1	-1	700000
6549	-1	-1	700000
6551	-1	-1	800000
6552	-1	-1	800000
6553	-1	-1	800000
6554	-1	-1	800000
6555	-1	-1	800000
6556	-1	-1	800000
6559	-1	-1	800000
6561	-1	-1	700000
6562	-1	-1	700000
6563	-1	-1	700000
6564	-1	-1	700000
6565	-1	-1	700000
6569	-1	-1	700000
6571	-1	-1	500000
6572	-1	-1	500000
6573	-1	-1	500000
6579	-1	-1	500000
6581	-1	-1	600000
6582	-1	-1	600000
6583	-1	-1	600000
6584	-1	-1	600000
6589	-1	-1	600000
6591	-1	-1	700000
6592	-1	-1	700000
6593	-1	-1	700000
6594	-1	-1	700000
6595	-1	-1	700000
6599	-1	-1	700000
6601	-1	-1	600000
6602	-1	-1	600000
6603	-1	-1	600000
6604	-1	-1	600000
6609	-1	-1	600000
6611	-1	-1	800000
6612	-1	-1	800000
6613	-1	-1	800000
6614	-1	-1	800000
6615	-1	-1	800000
6616	-1	-1	800000
6619	-1	-1	800000
6621	-1	-1	700000
6622	-1	-1	700000
6623	-1	-1	700000
6624	-1	-1	700000
6625	-1	-1	700000
6629	-1	-1	700000
6631	-1	-1	800000
6632	-1	-1	800000
6633	-1	-1	800000
6634	-1	-1	800000
6635	-1	-1	800000
6636	-1	-1	800000
6639	-1	-1	800000
6641	-1	-1	100000
6642	-1	-1	100000
6649	-1	-1	100000
6651	-1	-1	500000
6652	-1	-1	500000
6653	-1	-1	500000
6659	-1	-1	500000
6661	-1	-1	600000
6662	-1	-1	600000
6663	-1	-1	600000
6664	-1	-1	600000
6669	-1	-1	600000
6671	-1	-1	700000
6672	-1	-1	700000
6673	-1	-1	700000
6674	-1	-1	700000
6675	-1	-1	700000
6679	-1	-1	700000
6681	-1	-1	500000
6682	-1	-1	500000
6683	-1	-1	500000
6689	-1	-1	500000
6691	-1	-1	600000
6692	-1	-1	600000
6693	-1	-1	600000
6694	-1	-1	600000
6699	-1	-1	600000
6701	-1	-1	700000
6702	-1	-1	700000
6703	-1	-1	700000
6704	-1	-1	700000
6705	-1	-1	700000
6709	-1	-1	700000
6711	-1	-1	800000
6712	-1	-1	800000
6713	-1	-1	800000
6714	-1	-1	800000
6715	-1	-1	800000
6716	-1	-1	800000
6719	-1	-1	800000
7501	-1	-1	100000
7502	-1	-1	100000
7509	-1	-1	100000
7511	-1	-1	500000
7512	-1	-1	500000
7513	-1	-1	500000
7519	-1	-1	500000
7521	-1	-1	600000
7522	-1	-1	600000
7523	-1	-1	600000
7524	-1	-1	600000
7529	-1	-1	600000
7531	-1	-1	700000
7532	-1	-1	700000
7533	-1	-1	700000
7534	-1	-1	700000
7535	-1	-1	700000
7539	-1	-1	700000
7541	-1	-1	800000
7542	-1	-1	800000
7543	-1	-1	800000
7544	-1	-1	800000
7545	-1	-1	800000
7546	-1	-1	800000
7549	-1	-1	800000
7551	25041	25042	990000
7552	25041	25042	990000
7553	25041	25042	990000
7554	25041	25042	990000
7555	25041	25042	990000
7556	25041	25042	990000
7557	25041	25042	990000
7559	25041	25042	990000
7561	25371	25372	990000
7562	25371	25372	990000
7563	25371	25372	990000
7564	25371	25372	990000
7565	25371	25372	990000
7566	25371	25372	990000
7567	25371	25372	990000
7568	25371	25372	990000
7569	25371	25372	990000
7571	-1	-1	100000
7572	-1	-1	100000
7579	-1	-1	100000
7581	-1	-1	500000
7582	-1	-1	500000
7583	-1	-1	500000
7589	-1	-1	500000
7591	-1	-1	600000
7592	-1	-1	600000
7593	-1	-1	600000
7594	-1	-1	600000
7599	-1	-1	600000
7601	-1	-1	700000
7602	-1	-1	700000
7603	-1	-1	700000
7604	-1	-1	700000
7605	-1	-1	700000
7609	-1	-1	700000
7611	-1	-1	800000
7612	-1	-1	800000
7613	-1	-1	800000
7614	-1	-1	800000
7615	-1	-1	800000
7616	-1	-1	800000
7619	-1	-1	800000
7621	25051	25052	990000
7622	25051	25052	990000
7623	25051	25052	990000
7624	25051	25052	990000
7625	25051	25052	990000
7626	25051	25052	990000
7627	25051	25052	990000
7629	25051	25052	990000
7631	25381	25382	990000
7632	25381	25382	990000
7633	25381	25382	990000
7634	25381	25382	990000
7635	25381	25382	990000
7636	25381	25382	990000
7637	25381	25382	990000
7638	25381	25382	990000
7639	25381	25382	990000
7641	-1	-1	100000
7642	-1	-1	100000
7649	-1	-1	100000
7651	-1	-1	500000
7652	-1	-1	500000
7653	-1	-1	500000
7659	-1	-1	500000
7661	-1	-1	600000
7662	-1	-1	600000
7663	-1	-1	600000
7664	-1	-1	600000
7669	-1	-1	600000
7671	-1	-1	700000
7672	-1	-1	700000
7673	-1	-1	700000
7674	-1	-1	700000
7675	-1	-1	700000
7679	-1	-1	700000
7681	-1	-1	800000
7682	-1	-1	800000
7683	-1	-1	800000
7684	-1	-1	800000
7685	-1	-1	800000
7686	-1	-1	800000
7689	-1	-1	800000
7691	25061	25062	990000
7692	25061	25062	990000
7693	25061	25062	990000
7694	25061	25062	990000
7695	25061	25062	990000
7696	25061	25062	990000
7697	25061	25062	990000
7699	25061	25062	990000
7701	25391	25392	990000
7702	25391	25392	990000
7703	25391	25392	990000
7704	25391	25392	990000
7705	25391	25392	990000
7706	25391	25392	990000
7707	25391	25392	990000
7708	25391	25392	990000
7709	25391	25392	990000
7711	-1	-1	100000
7712	-1	-1	100000
7719	-1	-1	100000
7721	-1	-1	500000
7722	-1	-1	500000
7723	-1	-1	500000
7729	-1	-1	500000
7731	-1	-1	600000
7732	-1	-1	600000
7733	-1	-1	600000
7734	-1	-1	600000
7739	-1	-1	600000
7741	-1	-1	700000
7742	-1	-1	700000
7743	-1	-1	700000
7744	-1	-1	700000
7745	-1	-1	700000
7749	-1	-1	700000
7751	-1	-1	800000
7752	-1	-1	800000
7753	-1	-1	800000
7754	-1	-1	800000
7755	-1	-1	800000
7756	-1	-1	800000
7759	-1	-1	800000
7761	25071	25072	990000
7762	25071	25072	990000
7763	25071	25072	990000
7764	25071	25072	990000
7765	25071	25072	990000
7766	25071	25072	990000
7767	25071	25072	990000
7769	25071	25072	990000
7771	25401	25402	990000
7772	25401	25402	990000
7773	25401	25402	990000
7774	25401	25402	990000
7775	25401	25402	990000
7776	25401	25402	990000
7777	25401	25402	990000
7778	25401	25402	990000
7779	25401	25402	990000
7781	-1	-1	100000
7782	-1	-1	100000
7789	-1	-1	100000
7791	-1	-1	500000
7792	-1	-1	500000
7793	-1	-1	500000
7799	-1	-1	500000
7801	-1	-1	600000
7802	-1	-1	600000
7803	-1	-1	600000
7804	-1	-1	600000
7809	-1	-1	600000
7811	-1	-1	700000
7812	-1	-1	700000
7813	-1	-1	700000
7814	-1	-1	700000
7815	-1	-1	700000
7819	-1	-1	700000
7821	-1	-1	800000
7822	-1	-1	800000
7823	-1	-1	800000
7824	-1	-1	800000
7825	-1	-1	800000
7826	-1	-1	800000
7829	-1	-1	800000
7831	25081	25082	990000
7832	25081	25082	990000
7833	25081	25082	990000
7834	25081	25082	990000
7835	25081	25082	990000
7836	25081	25082	990000
7837	25081	25082	990000
7839	25081	25082	990000
7841	25411	25412	990000
7842	25411	25412	990000
7843	25411	25412	990000
7844	25411	25412	990000
7845	25411	25412	990000
7846	25411	25412	990000
7847	25411	25412	990000
7848	25411	25412	990000
7849	25411	25412	990000
7851	-1	-1	100000
7852	-1	-1	100000
7859	-1	-1	100000
7861	-1	-1	500000
7862	-1	-1	500000
7863	-1	-1	500000
7869	-1	-1	500000
7871	-1	-1	600000
7872	-1	-1	600000
7873	-1	-1	600000
7874	-1	-1	600000
7879	-1	-1	600000
7881	-1	-1	700000
7882	-1	-1	700000
7883	-1	-1	700000
7884	-1	-1	700000
7885	-1	-1	700000
7889	-1	-1	700000
7891	-1	-1	800000
7892	-1	-1	800000
7893	-1	-1	800000
7894	-1	-1	800000
7895	-1	-1	800000
7896	-1	-1	800000
7899	-1	-1	800000
7901	25091	25092	990000
7902	25091	25092	990000
7903	25091	25092	990000
7904	25091	25092	990000
7905	25091	25092	990000
7906	25091	25092	990000
7907	25091	25092	990000
7909	25091	25092	990000
7911	25421	25422	990000
7912	25421	25422	990000
7913	25421	25422	990000
7914	25421	25422	990000
7915	25421	25422	990000
7916	25421	25422	990000
7917	25421	25422	990000
7918	25421	25422	990000
7919	25421	25422	990000
7921	-1	-1	100000
7922	-1	-1	100000
7929	-1	-1	100000
7931	-1	-1	500000
7932	-1	-1	500000
7933	-1	-1	500000
7939	-1	-1	500000
7941	-1	-1	600000
7942	-1	-1	600000
7943	-1	-1	600000
7944	-1	-1	600000
7949	-1	-1	600000
7951	-1	-1	700000
7952	-1	-1	700000
7953	-1	-1	700000
7954	-1	-1	700000
7955	-1	-1	700000
7959	-1	-1	700000
7961	-1	-1	800000
7962	-1	-1	800000
7963	-1	-1	800000
7964	-1	-1	800000
7965	-1	-1	800000
7966	-1	-1	800000
7969	-1	-1	800000
7971	25101	25102	990000
7972	25101	25102	990000
7973	25101	25102	990000
7974	25101	25102	990000
7975	25101	25102	990000
7976	25101	25102	990000
7977	25101	25102	990000
7979	25101	25102	990000
7981	25431	25432	990000
7982	25431	25432	990000
7983	25431	25432	990000
7984	25431	25432	990000
7985	25431	25432	990000
7986	25431	25432	990000
7987	25431	25432	990000
7988	25431	25432	990000
7989	25431	25432	990000
7991	-1	-1	100000
7992	-1	-1	100000
7999	-1	-1	100000
8001	-1	-1	500000
8002	-1	-1	500000
8003	-1	-1	500000
8009	-1	-1	500000
8011	-1	-1	600000
8012	-1	-1	600000
8013	-1	-1	600000
8014	-1	-1	600000
8019	-1	-1	600000
8021	-1	-1	700000
8022	-1	-1	700000
8023	-1	-1	700000
8024	-1	-1	700000
8025	-1	-1	700000
8029	-1	-1	700000
8031	-1	-1	800000
8032	-1	-1	800000
8033	-1	-1	800000
8034	-1	-1	800000
8035	-1	-1	800000
8036	-1	-1	800000
8039	-1	-1	800000
8041	25111	25112	990000
8042	25111	25112	990000
8043	25111	25112	990000
8044	25111	25112	990000
8045	25111	25112	990000
8046	25111	25112	990000
8047	25111	25112	990000
8049	25111	25112	990000
8051	25441	25442	990000
8052	25441	25442	990000
8053	25441	25442	990000
8054	25441	25442	990000
8055	25441	25442	990000
8056	25441	25442	990000
8057	25441	25442	990000
8058	25441	25442	990000
8059	25441	25442	990000
8061	-1	-1	100000
8062	-1	-1	100000
8069	-1	-1	100000
8071	-1	-1	500000
8072	-1	-1	500000
8073	-1	-1	500000
8079	-1	-1	500000
8081	-1	-1	600000
8082	-1	-1	600000
8083	-1	-1	600000
8084	-1	-1	600000
8089	-1	-1	600000
8091	-1	-1	700000
8092	-1	-1	700000
8093	-1	-1	700000
8094	-1	-1	700000
8095	-1	-1	700000
8099	-1	-1	700000
8101	-1	-1	800000
8102	-1	-1	800000
8103	-1	-1	800000
8104	-1	-1	800000
8105	-1	-1	800000
8106	-1	-1	800000
8109	-1	-1	800000
8111	25121	25122	990000
8112	25121	25122	990000
8113	25121	25122	990000
8114	25121	25122	990000
8115	25121	25122	990000
8116	25121	25122	990000
8117	25121	25122	990000
8119	25121	25122	990000
8121	25451	25452	990000
8122	25451	25452	990000
8123	25451	25452	990000
8124	25451	25452	990000
8125	25451	25452	990000
8126	25451	25452	990000
8127	25451	25452	990000
8128	25451	25452	990000
8129	25451	25452	990000
8131	-1	-1	100000
8132	-1	-1	100000
8139	-1	-1	100000
8141	-1	-1	500000
8142	-1	-1	500000
8143	-1	-1	500000
8149	-1	-1	500000
8151	-1	-1	600000
8152	-1	-1	600000
8153	-1	-1	600000
8154	-1	-1	600000
8159	-1	-1	600000
8161	-1	-1	700000
8162	-1	-1	700000
8163	-1	-1	700000
8164	-1	-1	700000
8165	-1	-1	700000
8169	-1	-1	700000
8171	-1	-1	800000
8172	-1	-1	800000
8173	-1	-1	800000
8174	-1	-1	800000
8175	-1	-1	800000
8176	-1	-1	800000
8179	-1	-1	800000
8181	25131	25132	990000
8182	25131	25132	990000
8183	25131	25132	990000
8184	25131	25132	990000
8185	25131	25132	990000
8186	25131	25132	990000
8187	25131	25132	990000
8189	25131	25132	990000
8191	25461	25462	990000
8192	25461	25462	990000
8193	25461	25462	990000
8194	25461	25462	990000
8195	25461	25462	990000
8196	25461	25462	990000
8197	25461	25462	990000
8198	25461	25462	990000
8199	25461	25462	990000
8201	-1	-1	100000
8202	-1	-1	100000
8209	-1	-1	100000
8211	-1	-1	500000
8212	-1	-1	500000
8213	-1	-1	500000
8219	-1	-1	500000
8221	-1	-1	600000
8222	-1	-1	600000
8223	-1	-1	600000
8224	-1	-1	600000
8229	-1	-1	600000
8231	-1	-1	700000
8232	-1	-1	700000
8233	-1	-1	700000
8234	-1	-1	700000
8235	-1	-1	700000
8239	-1	-1	700000
8241	-1	-1	800000
8242	-1	-1	800000
8243	-1	-1	800000
8244	-1	-1	800000
8245	-1	-1	800000
8246	-1	-1	800000
8249	-1	-1	800000
8251	25141	25142	990000
8252	25141	25142	990000
8253	25141	25142	990000
8254	25141	25142	990000
8255	25141	25142	990000
8256	25141	25142	990000
8257	25141	25142	990000
8259	25141	25142	990000
8261	25471	25472	990000
8262	25471	25472	990000
8263	25471	25472	990000
8264	25471	25472	990000
8265	25471	25472	990000
8266	25471	25472	990000
8267	25471	25472	990000
8268	25471	25472	990000
8269	25471	25472	990000
8271	-1	-1	100000
8272	-1	-1	100000
8279	-1	-1	100000
8281	-1	-1	500000
8282	-1	-1	500000
8283	-1	-1	500000
8289	-1	-1	500000
8291	-1	-1	600000
8292	-1	-1	600000
8293	-1	-1	600000
8294	-1	-1	600000
8299	-1	-1	600000
8301	-1	-1	700000
8302	-1	-1	700000
8303	-1	-1	700000
8304	-1	-1	700000
8305	-1	-1	700000
8309	-1	-1	700000
8311	-1	-1	800000
8312	-1	-1	800000
8313	-1	-1	800000
8314	-1	-1	800000
8315	-1	-1	800000
8316	-1	-1	800000
8319	-1	-1	800000
8321	25151	25152	990000
8322	25151	25152	990000
8323	25151	25152	990000
8324	25151	25152	990000
8325	25151	25152	990000
8326	25151	25152	990000
8327	25151	25152	990000
8329	25151	25152	990000
8331	25481	25482	990000
8332	25481	25482	990000
8333	25481	25482	990000
8334	25481	25482	990000
8335	25481	25482	990000
8336	25481	25482	990000
8337	25481	25482	990000
8338	25481	25482	990000
8339	25481	25482	990000
8341	-1	-1	100000
8342	-1	-1	100000
8349	-1	-1	100000
8351	-1	-1	500000
8352	-1	-1	500000
8353	-1	-1	500000
8359	-1	-1	500000
8361	-1	-1	600000
8362	-1	-1	600000
8363	-1	-1	600000
8364	-1	-1	600000
8369	-1	-1	600000
8371	-1	-1	700000
8372	-1	-1	700000
8373	-1	-1	700000
8374	-1	-1	700000
8375	-1	-1	700000
8379	-1	-1	700000
8381	-1	-1	800000
8382	-1	-1	800000
8383	-1	-1	800000
8384	-1	-1	800000
8385	-1	-1	800000
8386	-1	-1	800000
8389	-1	-1	800000
8391	25161	25162	990000
8392	25161	25162	990000
8393	25161	25162	990000
8394	25161	25162	990000
8395	25161	25162	990000
8396	25161	25162	990000
8397	25161	25162	990000
8399	25161	25162	990000
8401	25491	25492	990000
8402	25491	25492	990000
8403	25491	25492	990000
8404	25491	25492	990000
8405	25491	25492	990000
8406	25491	25492	990000
8407	25491	25492	990000
8408	25491	25492	990000
8409	25491	25492	990000
8411	-1	-1	100000
8412	-1	-1	100000
8419	-1	-1	100000
8421	-1	-1	500000
8422	-1	-1	500000
8423	-1	-1	500000
8429	-1	-1	500000
8431	-1	-1	600000
8432	-1	-1	600000
8433	-1	-1	600000
8434	-1	-1	600000
8439	-1	-1	600000
8441	-1	-1	700000
8442	-1	-1	700000
8443	-1	-1	700000
8444	-1	-1	700000
8445	-1	-1	700000
8449	-1	-1	700000
8451	-1	-1	800000
8452	-1	-1	800000
8453	-1	-1	800000
8454	-1	-1	800000
8455	-1	-1	800000
8456	-1	-1	800000
8459	-1	-1	800000
8461	25171	25172	990000
8462	25171	25172	990000
8463	25171	25172	990000
8464	25171	25172	990000
8465	25171	25172	990000
8466	25171	25172	990000
8467	25171	25172	990000
8469	25171	25172	990000
8471	25501	25502	990000
8472	25501	25502	990000
8473	25501	25502	990000
8474	25501	25502	990000
8475	25501	25502	990000
8476	25501	25502	990000
8477	25501	25502	990000
8478	25501	25502	990000
8479	25501	25502	990000
8481	-1	-1	100000
8482	-1	-1	100000
8489	-1	-1	100000
8491	-1	-1	500000
8492	-1	-1	500000
8493	-1	-1	500000
8499	-1	-1	500000
8501	-1	-1	600000
8502	-1	-1	600000
8503	-1	-1	600000
8504	-1	-1	600000
8509	-1	-1	600000
8511	-1	-1	700000
8512	-1	-1	700000
8513	-1	-1	700000
8514	-1	-1	700000
8515	-1	-1	700000
8519	-1	-1	700000
8521	-1	-1	800000
8522	-1	-1	800000
8523	-1	-1	800000
8524	-1	-1	800000
8525	-1	-1	800000
8526	-1	-1	800000
8529	-1	-1	800000
8531	25181	25182	990000
8532	25181	25182	990000
8533	25181	25182	990000
8534	25181	25182	990000
8535	25181	25182	990000
8536	25181	25182	990000
8537	25181	25182	990000
8539	25181	25182	990000
8541	25511	25512	990000
8542	25511	25512	990000
8543	25511	25512	990000
8544	25511	25512	990000
8545	25511	25512	990000
8546	25511	25512	990000
8547	25511	25512	990000
8548	25511	25512	990000
8549	25511	25512	990000
8561	-1	-1	100000
8562	-1	-1	100000
8569	-1	-1	100000
8571	-1	-1	500000
8572	-1	-1	500000
8573	-1	-1	500000
8579	-1	-1	500000
8581	-1	-1	600000
8582	-1	-1	600000
8583	-1	-1	600000
8584	-1	-1	600000
8589	-1	-1	600000
8591	-1	-1	700000
8592	-1	-1	700000
8593	-1	-1	700000
8594	-1	-1	700000
8595	-1	-1	700000
8599	-1	-1	700000
8601	-1	-1	800000
8602	-1	-1	800000
8603	-1	-1	800000
8604	-1	-1	800000
8605	-1	-1	800000
8606	-1	-1	800000
8609	-1	-1	800000
8611	25191	25192	990000
8612	25191	25192	990000
8613	25191	25192	990000
8614	25191	25192	990000
8615	25191	25192	990000
8616	25191	25192	990000
8617	25191	25192	990000
8619	25191	25192	990000
8621	25521	25522	990000
8622	25521	25522	990000
8623	25521	25522	990000
8624	25521	25522	990000
8625	25521	25522	990000
8626	25521	25522	990000
8627	25521	25522	990000
8628	25521	25522	990000
8629	25521	25522	990000
8631	-1	-1	600000
8632	-1	-1	600000
8633	-1	-1	600000
8634	-1	-1	600000
8639	-1	-1	600000
8641	-1	-1	800000
8642	-1	-1	800000
8643	-1	-1	800000
8644	-1	-1	800000
8645	-1	-1	800000
8646	-1	-1	800000
8649	-1	-1	800000
8651	-1	-1	700000
8652	-1	-1	700000
8653	-1	-1	700000
8654	-1	-1	700000
8655	-1	-1	700000
8659	-1	-1	700000
8661	-1	-1	800000
8662	-1	-1	800000
8663	-1	-1	800000
8664	-1	-1	800000
8665	-1	-1	800000
8666	-1	-1	800000
8669	-1	-1	800000
8671	-1	-1	700000
8672	-1	-1	700000
8673	-1	-1	700000
8674	-1	-1	700000
8675	-1	-1	700000
8679	-1	-1	700000
8681	-1	-1	800000
8682	-1	-1	800000
8683	-1	-1	800000
8684	-1	-1	800000
8685	-1	-1	800000
8686	-1	-1	800000
8689	-1	-1	800000
8691	25201	25202	990000
8692	25201	25202	990000
8693	25201	25202	990000
8694	25201	25202	990000
8695	25201	25202	990000
8696	25201	25202	990000
8697	25201	25202	990000
8699	25201	25202	990000
8701	-1	-1	100000
8702	-1	-1	100000
8709	-1	-1	100000
8711	-1	-1	500000
8712	-1	-1	500000
8713	-1	-1	500000
8719	-1	-1	500000
8721	-1	-1	600000
8722	-1	-1	600000
8723	-1	-1	600000
8724	-1	-1	600000
8729	-1	-1	600000
8731	25211	25212	990000
8732	25211	25212	990000
8733	25211	25212	990000
8734	25211	25212	990000
8735	25211	25212	990000
8736	25211	25212	990000
8737	25211	25212	990000
8739	25211	25212	990000
8741	-1	-1	100000
8742	-1	-1	100000
8749	-1	-1	100000
8751	-1	-1	500000
8752	-1	-1	500000
8753	-1	-1	500000
8759	-1	-1	500000
8761	-1	-1	600000
8762	-1	-1	600000
8763	-1	-1	600000
8764	-1	-1	600000
8769	-1	-1	600000
8771	-1	-1	700000
8772	-1	-1	700000
8773	-1	-1	700000
8774	-1	-1	700000
8775	-1	-1	700000
8779	-1	-1	700000
8781	-1	-1	800000
8782	-1	-1	800000
8783	-1	-1	800000
8784	-1	-1	800000
8785	-1	-1	800000
8786	-1	-1	800000
8789	-1	-1	800000
8791	25221	25222	990000
8792	25221	25222	990000
8793	25221	25222	990000
8794	25221	25222	990000
8795	25221	25222	990000
8796	25221	25222	990000
8797	25221	25222	990000
8799	25221	25222	990000
8801	25531	25532	990000
8802	25531	25532	990000
8803	25531	25532	990000
8804	25531	25532	990000
8805	25531	25532	990000
8806	25531	25532	990000
8807	25531	25532	990000
8808	25531	25532	990000
8809	25531	25532	990000
8811	-1	-1	100000
8812	-1	-1	100000
8819	-1	-1	100000
8821	-1	-1	500000
8822	-1	-1	500000
8823	-1	-1	500000
8829	-1	-1	500000
8831	-1	-1	600000
8832	-1	-1	600000
8833	-1	-1	600000
8834	-1	-1	600000
8839	-1	-1	600000
8841	-1	-1	700000
8842	-1	-1	700000
8843	-1	-1	700000
8844	-1	-1	700000
8845	-1	-1	700000
8849	-1	-1	700000
8851	-1	-1	800000
8852	-1	-1	800000
8853	-1	-1	800000
8854	-1	-1	800000
8855	-1	-1	800000
8856	-1	-1	800000
8859	-1	-1	800000
8861	25231	25232	990000
8862	25231	25232	990000
8863	25231	25232	990000
8864	25231	25232	990000
8865	25231	25232	990000
8866	25231	25232	990000
8867	25231	25232	990000
8869	25231	25232	990000
8871	25541	25542	990000
8872	25541	25542	990000
8873	25541	25542	990000
8874	25541	25542	990000
8875	25541	25542	990000
8876	25541	25542	990000
8877	25541	25542	990000
8878	25541	25542	990000
8879	25541	25542	990000
8881	-1	-1	100000
8882	-1	-1	100000
8889	-1	-1	100000
8891	-1	-1	500000
8892	-1	-1	500000
8893	-1	-1	500000
8899	-1	-1	500000
8901	-1	-1	600000
8902	-1	-1	600000
8903	-1	-1	600000
8904	-1	-1	600000
8909	-1	-1	600000
8911	-1	-1	700000
8912	-1	-1	700000
8913	-1	-1	700000
8914	-1	-1	700000
8915	-1	-1	700000
8919	-1	-1	700000
8921	-1	-1	800000
8922	-1	-1	800000
8923	-1	-1	800000
8924	-1	-1	800000
8925	-1	-1	800000
8926	-1	-1	800000
8929	-1	-1	800000
8931	25241	25242	990000
8932	25241	25242	990000
8933	25241	25242	990000
8934	25241	25242	990000
8935	25241	25242	990000
8936	25241	25242	990000
8937	25241	25242	990000
8939	25241	25242	990000
8941	25551	25552	990000
8942	25551	25552	990000
8943	25551	25552	990000
8944	25551	25552	990000
8945	25551	25552	990000
8946	25551	25552	990000
8947	25551	25552	990000
8948	25551	25552	990000
8949	25551	25552	990000
8951	-1	-1	700000
8952	-1	-1	700000
8953	-1	-1	700000
8954	-1	-1	700000
8955	-1	-1	700000
8959	-1	-1	700000
8961	-1	-1	500000
8962	-1	-1	500000
8963	-1	-1	500000
8969	-1	-1	500000
8971	-1	-1	600000
8972	-1	-1	600000
8973	-1	-1	600000
8974	-1	-1	600000
8979	-1	-1	600000
8981	-1	-1	700000
8982	-1	-1	700000
8983	-1	-1	700000
8984	-1	-1	700000
8985	-1	-1	700000
8989	-1	-1	700000
22001	-1	-1	100000
22002	-1	-1	100000
22009	-1	-1	100000
22011	-1	-1	500000
22012	-1	-1	500000
22013	-1	-1	500000
22019	-1	-1	500000
22021	-1	-1	600000
22022	-1	-1	600000
22023	-1	-1	600000
22024	-1	-1	600000
22029	-1	-1	600000
22031	-1	-1	700000
22032	-1	-1	700000
22033	-1	-1	700000
22034	-1	-1	700000
22035	-1	-1	700000
22039	-1	-1	700000
22041	-1	-1	800000
22042	-1	-1	800000
22043	-1	-1	800000
22044	-1	-1	800000
22045	-1	-1	800000
22046	-1	-1	800000
22049	-1	-1	800000
22051	25251	25252	990000
22052	25251	25252	990000
22053	25251	25252	990000
22054	25251	25252	990000
22055	25251	25252	990000
22056	25251	25252	990000
22057	25251	25252	990000
22059	25251	25252	990000
22061	25561	25562	990000
22062	25561	25562	990000
22063	25561	25562	990000
22064	25561	25562	990000
22065	25561	25562	990000
22066	25561	25562	990000
22067	25561	25562	990000
22068	25561	25562	990000
22069	25561	25562	990000
22071	-1	-1	100000
22072	-1	-1	100000
22079	-1	-1	100000
22081	-1	-1	500000
22082	-1	-1	500000
22083	-1	-1	500000
22089	-1	-1	500000
22091	-1	-1	600000
22092	-1	-1	600000
22093	-1	-1	600000
22094	-1	-1	600000
22099	-1	-1	600000
22101	-1	-1	700000
22102	-1	-1	700000
22103	-1	-1	700000
22104	-1	-1	700000
22105	-1	-1	700000
22109	-1	-1	700000
22111	-1	-1	800000
22112	-1	-1	800000
22113	-1	-1	800000
22114	-1	-1	800000
22115	-1	-1	800000
22116	-1	-1	800000
22119	-1	-1	800000
22121	25261	25262	990000
22122	25261	25262	990000
22123	25261	25262	990000
22124	25261	25262	990000
22125	25261	25262	990000
22126	25261	25262	990000
22127	25261	25262	990000
22129	25261	25262	990000
22131	25571	25572	990000
22132	25571	25572	990000
22133	25571	25572	990000
22134	25571	25572	990000
22135	25571	25572	990000
22136	25571	25572	990000
22137	25571	25572	990000
22138	25571	25572	990000
22139	25571	25572	990000
22201	-1	-1	800000
22202	-1	-1	800000
22203	-1	-1	800000
22204	-1	-1	800000
22205	-1	-1	800000
22206	-1	-1	800000
22209	-1	-1	800000
22211	-1	-1	100000
22212	-1	-1	100000
22219	-1	-1	100000
22221	-1	-1	500000
22222	-1	-1	500000
22223	-1	-1	500000
22229	-1	-1	500000
22231	-1	-1	600000
22232	-1	-1	600000
22233	-1	-1	600000
22234	-1	-1	600000
22239	-1	-1	600000
22241	-1	-1	700000
22242	-1	-1	700000
22243	-1	-1	700000
22244	-1	-1	700000
22245	-1	-1	700000
22249	-1	-1	700000
22251	-1	-1	800000
22252	-1	-1	800000
22253	-1	-1	800000
22254	-1	-1	800000
22255	-1	-1	800000
22256	-1	-1	800000
22259	-1	-1	800000
22261	25271	25272	990000
22262	25271	25272	990000
22263	25271	25272	990000
22264	25271	25272	990000
22265	25271	25272	990000
22266	25271	25272	990000
22267	25271	25272	990000
22269	25271	25272	990000
22271	25581	25582	990000
22272	25581	25582	990000
22273	25581	25582	990000
22274	25581	25582	990000
22275	25581	25582	990000
22276	25581	25582	990000
22277	25581	25582	990000
22278	25581	25582	990000
22279	25581	25582	990000
22281	-1	-1	100000
22282	-1	-1	100000
22289	-1	-1	100000
22291	-1	-1	500000
22292	-1	-1	500000
22293	-1	-1	500000
22299	-1	-1	500000
22301	-1	-1	600000
22302	-1	-1	600000
22303	-1	-1	600000
22304	-1	-1	600000
22309	-1	-1	600000
22311	-1	-1	700000
22312	-1	-1	700000
22313	-1	-1	700000
22314	-1	-1	700000
22315	-1	-1	700000
22319	-1	-1	700000
22321	-1	-1	800000
22322	-1	-1	800000
22323	-1	-1	800000
22324	-1	-1	800000
22325	-1	-1	800000
22326	-1	-1	800000
22329	-1	-1	800000
22331	25281	25282	990000
22332	25281	25282	990000
22333	25281	25282	990000
22334	25281	25282	990000
22335	25281	25282	990000
22336	25281	25282	990000
22337	25281	25282	990000
22339	25281	25282	990000
22341	25591	25592	990000
22342	25591	25592	990000
22343	25591	25592	990000
22344	25591	25592	990000
22345	25591	25592	990000
22346	25591	25592	990000
22347	25591	25592	990000
22348	25591	25592	990000
22349	25591	25592	990000
22351	-1	-1	100000
22352	-1	-1	100000
22359	-1	-1	100000
22361	-1	-1	500000
22362	-1	-1	500000
22363	-1	-1	500000
22369	-1	-1	500000
22371	-1	-1	600000
22372	-1	-1	600000
22373	-1	-1	600000
22374	-1	-1	600000
22379	-1	-1	600000
22381	-1	-1	700000
22382	-1	-1	700000
22383	-1	-1	700000
22384	-1	-1	700000
22385	-1	-1	700000
22389	-1	-1	700000
22391	-1	-1	800000
22392	-1	-1	800000
22393	-1	-1	800000
22394	-1	-1	800000
22395	-1	-1	800000
22396	-1	-1	800000
22399	-1	-1	800000
22401	25291	25292	990000
22402	25291	25292	990000
22403	25291	25292	990000
22404	25291	25292	990000
22405	25291	25292	990000
22406	25291	25292	990000
22407	25291	25292	990000
22409	25291	25292	990000
22411	25601	25602	990000
22412	25601	25602	990000
22413	25601	25602	990000
22414	25601	25602	990000
22415	25601	25602	990000
22416	25601	25602	990000
22417	25601	25602	990000
22418	25601	25602	990000
22419	25601	25602	990000
22421	-1	-1	100000
22422	-1	-1	100000
22429	-1	-1	100000
22431	-1	-1	500000
22432	-1	-1	500000
22433	-1	-1	500000
22439	-1	-1	500000
22441	-1	-1	600000
22442	-1	-1	600000
22443	-1	-1	600000
22444	-1	-1	600000
22449	-1	-1	600000
22451	-1	-1	700000
22452	-1	-1	700000
22453	-1	-1	700000
22454	-1	-1	700000
22455	-1	-1	700000
22459	-1	-1	700000
22461	-1	-1	800000
22462	-1	-1	800000
22463	-1	-1	800000
22464	-1	-1	800000
22465	-1	-1	800000
22466	-1	-1	800000
22469	-1	-1	800000
22471	25301	25302	990000
22472	25301	25302	990000
22473	25301	25302	990000
22474	25301	25302	990000
22475	25301	25302	990000
22476	25301	25302	990000
22477	25301	25302	990000
22479	25301	25302	990000
22481	25611	25612	990000
22482	25611	25612	990000
22483	25611	25612	990000
22484	25611	25612	990000
22485	25611	25612	990000
22486	25611	25612	990000
22487	25611	25612	990000
22488	25611	25612	990000
22489	25611	25612	990000
22491	-1	-1	100000
22492	-1	-1	100000
22499	-1	-1	100000
22501	-1	-1	500000
22502	-1	-1	500000
22503	-1	-1	500000
22509	-1	-1	500000
22511	-1	-1	600000
22512	-1	-1	600000
22513	-1	-1	600000
22514	-1	-1	600000
22519	-1	-1	600000
22521	-1	-1	700000
22522	-1	-1	700000
22523	-1	-1	700000
22524	-1	-1	700000
22525	-1	-1	700000
22529	-1	-1	700000
22531	-1	-1	800000
22532	-1	-1	800000
22533	-1	-1	800000
22534	-1	-1	800000
22535	-1	-1	800000
22536	-1	-1	800000
22539	-1	-1	800000
22541	25311	25312	990000
22542	25311	25312	990000
22543	25311	25312	990000
22544	25311	25312	990000
22545	25311	25312	990000
22546	25311	25312	990000
22547	25311	25312	990000
22549	25311	25312	990000
22551	25621	25622	990000
22552	25621	25622	990000
22553	25621	25622	990000
22554	25621	25622	990000
22555	25621	25622	990000
22556	25621	25622	990000
22557	25621	25622	990000
22558	25621	25622	990000
22559	25621	25622	990000
22561	25321	25322	990000
22562	25321	25322	990000
22563	25321	25322	990000
22564	25321	25322	990000
22565	25321	25322	990000
22566	25321	25322	990000
22567	25321	25322	990000
22569	25321	25322	990000
22571	25631	25632	990000
22572	25631	25632	990000
22573	25631	25632	990000
22574	25631	25632	990000
22575	25631	25632	990000
22576	25631	25632	990000
22577	25631	25632	990000
22578	25631	25632	990000
22579	25631	25632	990000
22581	-1	-1	100000
22582	-1	-1	100000
22589	-1	-1	100000
22591	-1	-1	500000
22592	-1	-1	500000
22593	-1	-1	500000
22599	-1	-1	500000
22601	-1	-1	600000
22602	-1	-1	600000
22603	-1	-1	600000
22604	-1	-1	600000
22609	-1	-1	600000
22611	-1	-1	700000
22612	-1	-1	700000
22613	-1	-1	700000
22614	-1	-1	700000
22615	-1	-1	700000
22619	-1	-1	700000
22621	-1	-1	800000
22622	-1	-1	800000
22623	-1	-1	800000
22624	-1	-1	800000
22625	-1	-1	800000
22626	-1	-1	800000
22629	-1	-1	800000
22631	25331	25332	990000
22632	25331	25332	990000
22633	25331	25332	990000
22634	25331	25332	990000
22635	25331	25332	990000
22636	25331	25332	990000
22637	25331	25332	990000
22639	25331	25332	990000
22641	25641	25642	990000
22642	25641	25642	990000
22643	25641	25642	990000
22644	25641	25642	990000
22645	25641	25642	990000
22646	25641	25642	990000
22647	25641	25642	990000
22648	25641	25642	990000
22649	25641	25642	990000
22651	-1	-1	100000
22652	-1	-1	100000
22659	-1	-1	100000
22661	-1	-1	500000
22662	-1	-1	500000
22663	-1	-1	500000
22669	-1	-1	500000
22671	-1	-1	600000
22672	-1	-1	600000
22673	-1	-1	600000
22674	-1	-1	600000
22679	-1	-1	600000
22681	-1	-1	700000
22682	-1	-1	700000
22683	-1	-1	700000
22684	-1	-1	700000
22685	-1	-1	700000
22689	-1	-1	700000
22691	-1	-1	800000
22692	-1	-1	800000
22693	-1	-1	800000
22694	-1	-1	800000
22695	-1	-1	800000
22696	-1	-1	800000
22699	-1	-1	800000
22701	25341	25342	990000
22702	25341	25342	990000
22703	25341	25342	990000
22704	25341	25342	990000
22705	25341	25342	990000
22706	25341	25342	990000
22707	25341	25342	990000
22709	25341	25342	990000
22711	25651	25652	990000
22712	25651	25652	990000
22713	25651	25652	990000
22714	25651	25652	990000
22715	25651	25652	990000
22716	25651	25652	990000
22717	25651	25652	990000
22718	25651	25652	990000
22719	25651	25652	990000
22721	-1	-1	100000
22722	-1	-1	100000
22729	-1	-1	100000
22731	-1	-1	500000
22732	-1	-1	500000
22733	-1	-1	500000
22739	-1	-1	500000
22741	-1	-1	600000
22742	-1	-1	600000
22743	-1	-1	600000
22744	-1	-1	600000
22749	-1	-1	600000
22751	-1	-1	700000
22752	-1	-1	700000
22753	-1	-1	700000
22754	-1	-1	700000
22755	-1	-1	700000
22759	-1	-1	700000
22761	-1	-1	800000
22762	-1	-1	800000
22763	-1	-1	800000
22764	-1	-1	800000
22765	-1	-1	800000
22766	-1	-1	800000
22769	-1	-1	800000
22771	25661	25662	990000
22772	25661	25662	990000
22773	25661	25662	990000
22774	25661	25662	990000
22775	25661	25662	990000
22776	25661	25662	990000
22777	25661	25662	990000
22779	25661	25662	990000
22781	25671	25672	990000
22782	25671	25672	990000
22783	25671	25672	990000
22784	25671	25672	990000
22785	25671	25672	990000
22786	25671	25672	990000
22787	25671	25672	990000
22788	25671	25672	990000
22789	25671	25672	990000
22791	-1	-1	100000
22792	-1	-1	100000
22799	-1	-1	100000
22801	-1	-1	500000
22802	-1	-1	500000
22803	-1	-1	500000
22809	-1	-1	500000
22811	-1	-1	600000
22812	-1	-1	600000
22813	-1	-1	600000
22814	-1	-1	600000
22819	-1	-1	600000
22821	-1	-1	700000
22822	-1	-1	700000
22823	-1	-1	700000
22824	-1	-1	700000
22825	-1	-1	700000
22829	-1	-1	700000
22831	-1	-1	800000
22832	-1	-1	800000
22833	-1	-1	800000
22834	-1	-1	800000
22835	-1	-1	800000
22836	-1	-1	800000
22839	-1	-1	800000
22841	25681	25682	990000
22842	25681	25682	990000
22843	25681	25682	990000
22844	25681	25682	990000
22845	25681	25682	990000
22846	25681	25682	990000
22847	25681	25682	990000
22849	25681	25682	990000
22851	25691	25692	990000
22852	25691	25692	990000
22853	25691	25692	990000
22854	25691	25692	990000
22855	25691	25692	990000
22856	25691	25692	990000
22857	25691	25692	990000
22858	25691	25692	990000
22859	25691	25692	990000
22861	-1	-1	100000
22862	-1	-1	100000
22869	-1	-1	100000
22871	-1	-1	500000
22872	-1	-1	500000
22873	-1	-1	500000
22879	-1	-1	500000
22881	-1	-1	600000
22882	-1	-1	600000
22883	-1	-1	600000
22884	-1	-1	600000
22889	-1	-1	600000
22891	-1	-1	700000
22892	-1	-1	700000
22893	-1	-1	700000
22894	-1	-1	700000
22895	-1	-1	700000
22899	-1	-1	700000
22901	-1	-1	800000
22902	-1	-1	800000
22903	-1	-1	800000
22904	-1	-1	800000
22905	-1	-1	800000
22906	-1	-1	800000
22909	-1	-1	800000
22911	25701	25702	990000
22912	25701	25702	990000
22913	25701	25702	990000
22914	25701	25702	990000
22915	25701	25702	990000
22916	25701	25702	990000
22917	25701	25702	990000
22919	25701	25702	990000
22921	25711	25712	990000
22922	25711	25712	990000
22923	25711	25712	990000
22924	25711	25712	990000
22925	25711	25712	990000
22926	25711	25712	990000
22927	25711	25712	990000
22928	25711	25712	990000
22929	25711	25712	990000
22931	-1	-1	100000
22932	-1	-1	100000
22939	-1	-1	100000
22941	-1	-1	100000
22942	-1	-1	100000
22949	-1	-1	100000
22951	-1	-1	500000
22952	-1	-1	500000
22953	-1	-1	500000
22959	-1	-1	500000
22961	-1	-1	600000
22962	-1	-1	600000
22963	-1	-1	600000
22964	-1	-1	600000
22969	-1	-1	600000
22971	-1	-1	700000
22972	-1	-1	700000
22973	-1	-1	700000
22974	-1	-1	700000
22975	-1	-1	700000
22979	-1	-1	700000
22981	-1	-1	800000
22982	-1	-1	800000
22983	-1	-1	800000
22984	-1	-1	800000
22985	-1	-1	800000
22986	-1	-1	800000
22989	-1	-1	800000
22991	25241	25242	990000
22992	25241	25242	990000
22993	25241	25242	990000
22994	25241	25242	990000
22995	25241	25242	990000
22996	25241	25242	990000
22997	25241	25242	990000
22999	25241	25242	990000
23001	25551	25552	990000
23002	25551	25552	990000
23003	25551	25552	990000
23004	25551	25552	990000
23005	25551	25552	990000
23006	25551	25552	990000
23007	25551	25552	990000
23008	25551	25552	990000
23009	25551	25552	990000
23011	-1	-1	100000
23012	-1	-1	100000
23013	-1	-1	100000
23014	-1	-1	100000
23015	-1	-1	100000
23016	-1	-1	100000
23017	-1	-1	100000
23018	-1	-1	100000
23019	-1	-1	100000
23021	-1	-1	600000
23022	-1	-1	600000
23023	-1	-1	600000
23024	-1	-1	600000
23025	-1	-1	600000
23026	-1	-1	600000
23027	-1	-1	600000
23028	-1	-1	600000
23029	-1	-1	600000
23031	-1	-1	990000
23032	-1	-1	990000
23033	-1	-1	990000
23034	-1	-1	990000
23035	-1	-1	990000
23036	-1	-1	990000
23037	-1	-1	990000
23038	-1	-1	990000
23039	-1	-1	990000
23041	-1	-1	100000
23042	-1	-1	100000
23049	-1	-1	100000
23051	-1	-1	500000
23052	-1	-1	500000
23053	-1	-1	500000
23059	-1	-1	500000
23061	-1	-1	600000
23062	-1	-1	600000
23063	-1	-1	600000
23064	-1	-1	600000
23069	-1	-1	600000
23071	-1	-1	700000
23072	-1	-1	700000
23073	-1	-1	700000
23074	-1	-1	700000
23075	-1	-1	700000
23079	-1	-1	700000
23081	-1	-1	800000
23082	-1	-1	800000
23083	-1	-1	800000
23084	-1	-1	800000
23085	-1	-1	800000
23086	-1	-1	800000
23089	-1	-1	800000
23091	25721	25722	990000
23092	25721	25722	990000
23093	25721	25722	990000
23094	25721	25722	990000
23095	25721	25722	990000
23096	25721	25722	990000
23097	25721	25722	990000
23099	25721	25722	990000
23101	25731	25732	990000
23102	25731	25732	990000
23103	25731	25732	990000
23104	25731	25732	990000
23105	25731	25732	990000
23106	25731	25732	990000
23107	25731	25732	990000
23108	25731	25732	990000
23109	25731	25732	990000
23111	-1	-1	100000
23112	-1	-1	100000
23119	-1	-1	100000
23121	-1	-1	500000
23122	-1	-1	500000
23123	-1	-1	500000
23129	-1	-1	500000
23131	-1	-1	600000
23132	-1	-1	600000
23133	-1	-1	600000
23134	-1	-1	600000
23139	-1	-1	600000
23141	-1	-1	700000
23142	-1	-1	700000
23143	-1	-1	700000
23144	-1	-1	700000
23145	-1	-1	700000
23149	-1	-1	700000
23151	-1	-1	800000
23152	-1	-1	800000
23153	-1	-1	800000
23154	-1	-1	800000
23155	-1	-1	800000
23156	-1	-1	800000
23159	-1	-1	800000
23161	25741	25742	990000
23162	25741	25742	990000
23163	25741	25742	990000
23164	25741	25742	990000
23165	25741	25742	990000
23166	25741	25742	990000
23167	25741	25742	990000
23169	25741	25742	990000
23171	25751	25752	990000
23172	25751	25752	990000
23173	25751	25752	990000
23174	25751	25752	990000
23175	25751	25752	990000
23176	25751	25752	990000
23177	25751	25752	990000
23178	25751	25752	990000
23179	25751	25752	990000
23181	-1	-1	100000
23182	-1	-1	100000
23189	-1	-1	100000
23191	-1	-1	500000
23192	-1	-1	500000
23193	-1	-1	500000
23199	-1	-1	500000
23201	-1	-1	600000
23202	-1	-1	600000
23203	-1	-1	600000
23204	-1	-1	600000
23209	-1	-1	600000
23211	-1	-1	700000
23212	-1	-1	700000
23213	-1	-1	700000
23214	-1	-1	700000
23215	-1	-1	700000
23219	-1	-1	700000
23221	-1	-1	800000
23222	-1	-1	800000
23223	-1	-1	800000
23224	-1	-1	800000
23225	-1	-1	800000
23226	-1	-1	800000
23229	-1	-1	800000
23231	25771	25772	990000
23232	25771	25772	990000
23233	25771	25772	990000
23234	25771	25772	990000
23235	25771	25772	990000
23236	25771	25772	990000
23237	25771	25772	990000
23239	25771	25772	990000
23241	25781	25782	990000
23242	25781	25782	990000
23243	25781	25782	990000
23244	25781	25782	990000
23245	25781	25782	990000
23246	25781	25782	990000
23247	25781	25782	990000
23248	25781	25782	990000
23249	25781	25782	990000
23251	-1	-1	100000
23252	-1	-1	100000
23259	-1	-1	100000
23261	-1	-1	500000
23262	-1	-1	500000
23263	-1	-1	500000
23269	-1	-1	500000
23271	-1	-1	600000
23272	-1	-1	600000
23273	-1	-1	600000
23274	-1	-1	600000
23279	-1	-1	600000
23281	-1	-1	700000
23282	-1	-1	700000
23283	-1	-1	700000
23284	-1	-1	700000
23285	-1	-1	700000
23289	-1	-1	700000
23291	-1	-1	800000
23292	-1	-1	800000
23293	-1	-1	800000
23294	-1	-1	800000
23295	-1	-1	800000
23296	-1	-1	800000
23299	-1	-1	800000
23301	25791	25792	990000
23302	25791	25792	990000
23303	25791	25792	990000
23304	25791	25792	990000
23305	25791	25792	990000
23306	25791	25792	990000
23307	25791	25792	990000
23309	25791	25792	990000
23311	25801	25802	990000
23312	25801	25802	990000
23313	25801	25802	990000
23314	25801	25802	990000
23315	25801	25802	990000
23316	25801	25802	990000
23317	25801	25802	990000
23318	25801	25802	990000
23319	25801	25802	990000
23331	-1	-1	100000
23332	-1	-1	100000
23339	-1	-1	100000
23341	-1	-1	500000
23342	-1	-1	500000
23343	-1	-1	500000
23349	-1	-1	500000
23351	-1	-1	600000
23352	-1	-1	600000
23353	-1	-1	600000
23354	-1	-1	600000
23359	-1	-1	600000
23361	-1	-1	700000
23362	-1	-1	700000
23363	-1	-1	700000
23364	-1	-1	700000
23365	-1	-1	700000
23369	-1	-1	700000
23371	-1	-1	800000
23372	-1	-1	800000
23373	-1	-1	800000
23374	-1	-1	800000
23375	-1	-1	800000
23376	-1	-1	800000
23379	-1	-1	800000
23381	25811	25812	990000
23382	25811	25812	990000
23383	25811	25812	990000
23384	25811	25812	990000
23385	25811	25812	990000
23386	25811	25812	990000
23387	25811	25812	990000
23389	25811	25812	990000
23391	25821	25822	990000
23392	25821	25822	990000
23393	25821	25822	990000
23394	25821	25822	990000
23395	25821	25822	990000
23396	25821	25822	990000
23397	25821	25822	990000
23398	25821	25822	990000
23399	25821	25822	990000
23401	-1	-1	100000
23402	-1	-1	100000
23409	-1	-1	100000
23411	-1	-1	500000
23412	-1	-1	500000
23413	-1	-1	500000
23419	-1	-1	500000
23421	-1	-1	600000
23422	-1	-1	600000
23423	-1	-1	600000
23424	-1	-1	600000
23429	-1	-1	600000
23431	-1	-1	700000
23432	-1	-1	700000
23433	-1	-1	700000
23434	-1	-1	700000
23435	-1	-1	700000
23439	-1	-1	700000
23441	-1	-1	800000
23442	-1	-1	800000
23443	-1	-1	800000
23444	-1	-1	800000
23445	-1	-1	800000
23446	-1	-1	800000
23449	-1	-1	800000
23451	25831	25832	990000
23452	25831	25832	990000
23453	25831	25832	990000
23454	25831	25832	990000
23455	25831	25832	990000
23456	25831	25832	990000
23457	25831	25832	990000
23459	25831	25832	990000
23461	25841	25842	990000
23462	25841	25842	990000
23463	25841	25842	990000
23464	25841	25842	990000
23465	25841	25842	990000
23466	25841	25842	990000
23467	25841	25842	990000
23468	25841	25842	990000
23469	25841	25842	990000
23471	-1	-1	300000
23472	-1	-1	300000
23479	-1	-1	300000
23491	-1	-1	300000
23492	-1	-1	300000
23499	-1	-1	300000
23501	-1	-1	500000
23502	-1	-1	500000
23503	-1	-1	500000
23509	-1	-1	500000
23511	-1	-1	600000
23512	-1	-1	600000
23513	-1	-1	600000
23514	-1	-1	600000
23519	-1	-1	600000
23521	-1	-1	700000
23522	-1	-1	700000
23523	-1	-1	700000
23524	-1	-1	700000
23525	-1	-1	700000
23529	-1	-1	700000
23531	-1	-1	800000
23532	-1	-1	800000
23533	-1	-1	800000
23534	-1	-1	800000
23535	-1	-1	800000
23536	-1	-1	800000
23539	-1	-1	800000
23541	25851	25852	990000
23542	25851	25852	990000
23543	25851	25852	990000
23544	25851	25852	990000
23545	25851	25852	990000
23546	25851	25852	990000
23547	25851	25852	990000
23549	25851	25852	990000
23551	25861	25862	990000
23552	25861	25862	990000
23553	25861	25862	990000
23554	25861	25862	990000
23555	25861	25862	990000
23556	25861	25862	990000
23557	25861	25862	990000
23558	25861	25862	990000
23559	25861	25862	990000
23561	-1	-1	100000
23562	-1	-1	100000
23569	-1	-1	100000
23571	-1	-1	500000
23572	-1	-1	500000
23573	-1	-1	500000
23579	-1	-1	500000
23581	-1	-1	600000
23582	-1	-1	600000
23583	-1	-1	600000
23584	-1	-1	600000
23589	-1	-1	600000
23591	-1	-1	700000
23592	-1	-1	700000
23593	-1	-1	700000
23594	-1	-1	700000
23595	-1	-1	700000
23599	-1	-1	700000
23601	-1	-1	800000
23602	-1	-1	800000
23603	-1	-1	800000
23604	-1	-1	800000
23605	-1	-1	800000
23606	-1	-1	800000
23609	-1	-1	800000
23611	25871	25872	990000
23612	25871	25872	990000
23613	25871	25872	990000
23614	25871	25872	990000
23615	25871	25872	990000
23616	25871	25872	990000
23617	25871	25872	990000
23619	25871	25872	990000
23621	25881	25882	990000
23622	25881	25882	990000
23623	25881	25882	990000
23624	25881	25882	990000
23625	25881	25882	990000
23626	25881	25882	990000
23627	25881	25882	990000
23628	25881	25882	990000
23629	25881	25882	990000
23631	-1	-1	100000
23632	-1	-1	100000
23639	-1	-1	100000
23641	-1	-1	500000
23642	-1	-1	500000
23643	-1	-1	500000
23649	-1	-1	500000
23651	-1	-1	600000
23652	-1	-1	600000
23653	-1	-1	600000
23654	-1	-1	600000
23659	-1	-1	600000
23661	-1	-1	700000
23662	-1	-1	700000
23663	-1	-1	700000
23664	-1	-1	700000
23665	-1	-1	700000
23669	-1	-1	700000
23671	-1	-1	800000
23672	-1	-1	800000
23673	-1	-1	800000
23674	-1	-1	800000
23675	-1	-1	800000
23676	-1	-1	800000
23679	-1	-1	800000
23681	25891	25892	990000
23682	25891	25892	990000
23683	25891	25892	990000
23684	25891	25892	990000
23685	25891	25892	990000
23686	25891	25892	990000
23687	25891	25892	990000
23689	25891	25892	990000
23691	25901	25902	990000
23692	25901	25902	990000
23693	25901	25902	990000
23694	25901	25902	990000
23695	25901	25902	990000
23696	25901	25902	990000
23697	25901	25902	990000
23698	25901	25902	990000
23699	25901	25902	990000
23701	-1	-1	100000
23702	-1	-1	100000
23709	-1	-1	100000
23711	-1	-1	100000
23712	-1	-1	100000
23719	-1	-1	100000
23721	-1	-1	500000
23722	-1	-1	500000
23723	-1	-1	500000
23729	-1	-1	500000
23731	-1	-1	600000
23732	-1	-1	600000
23733	-1	-1	600000
23734	-1	-1	600000
23739	-1	-1	600000
23741	-1	-1	700000
23742	-1	-1	700000
23743	-1	-1	700000
23744	-1	-1	700000
23745	-1	-1	700000
23749	-1	-1	700000
23751	-1	-1	800000
23752	-1	-1	800000
23753	-1	-1	800000
23754	-1	-1	800000
23755	-1	-1	800000
23756	-1	-1	800000
23759	-1	-1	800000
23761	25911	25912	990000
23762	25911	25912	990000
23763	25911	25912	990000
23764	25911	25912	990000
23765	25911	25912	990000
23766	25911	25912	990000
23767	25911	25912	990000
23769	25911	25912	990000
23771	25921	25922	990000
23772	25921	25922	990000
23773	25921	25922	990000
23774	25921	25922	990000
23775	25921	25922	990000
23776	25921	25922	990000
23777	25921	25922	990000
23778	25921	25922	990000
23779	25921	25922	990000
23781	-1	-1	500000
23782	-1	-1	500000
23783	-1	-1	500000
23789	-1	-1	500000
23791	-1	-1	600000
23792	-1	-1	600000
23793	-1	-1	600000
23794	-1	-1	600000
23799	-1	-1	600000
23801	-1	-1	700000
23802	-1	-1	700000
23803	-1	-1	700000
23804	-1	-1	700000
23805	-1	-1	700000
23809	-1	-1	700000
23811	-1	-1	800000
23812	-1	-1	800000
23813	-1	-1	800000
23814	-1	-1	800000
23815	-1	-1	800000
23816	-1	-1	800000
23819	-1	-1	800000
23821	25941	25942	990000
23822	25941	25942	990000
23823	25941	25942	990000
23824	25941	25942	990000
23825	25941	25942	990000
23826	25941	25942	990000
23827	25941	25942	990000
23829	25941	25942	990000
23831	25951	25952	990000
23832	25951	25952	990000
23833	25951	25952	990000
23834	25951	25952	990000
23835	25951	25952	990000
23836	25951	25952	990000
23837	25951	25952	990000
23838	25951	25952	990000
23839	25951	25952	990000
23841	-1	-1	100000
23842	-1	-1	100000
23849	-1	-1	100000
23851	-1	-1	500000
23852	-1	-1	500000
23853	-1	-1	500000
23859	-1	-1	500000
23861	-1	-1	600000
23862	-1	-1	600000
23863	-1	-1	600000
23864	-1	-1	600000
23869	-1	-1	600000
23871	-1	-1	700000
23872	-1	-1	700000
23873	-1	-1	700000
23874	-1	-1	700000
23875	-1	-1	700000
23879	-1	-1	700000
23881	-1	-1	800000
23882	-1	-1	800000
23883	-1	-1	800000
23884	-1	-1	800000
23885	-1	-1	800000
23886	-1	-1	800000
23889	-1	-1	800000
23891	25961	25962	990000
23892	25961	25962	990000
23893	25961	25962	990000
23894	25961	25962	990000
23895	25961	25962	990000
23896	25961	25962	990000
23897	25961	25962	990000
23899	25961	25962	990000
23901	25971	25972	990000
23902	25971	25972	990000
23903	25971	25972	990000
23904	25971	25972	990000
23905	25971	25972	990000
23906	25971	25972	990000
23907	25971	25972	990000
23908	25971	25972	990000
23909	25971	25972	990000
23911	-1	-1	100000
23912	-1	-1	100000
23919	-1	-1	100000
23921	-1	-1	500000
23922	-1	-1	500000
23923	-1	-1	500000
23929	-1	-1	500000
23931	-1	-1	600000
23932	-1	-1	600000
23933	-1	-1	600000
23934	-1	-1	600000
23939	-1	-1	600000
23941	-1	-1	700000
23942	-1	-1	700000
23943	-1	-1	700000
23944	-1	-1	700000
23945	-1	-1	700000
23949	-1	-1	700000
23951	-1	-1	800000
23952	-1	-1	800000
23953	-1	-1	800000
23954	-1	-1	800000
23955	-1	-1	800000
23956	-1	-1	800000
23959	-1	-1	800000
23961	25981	25982	990000
23962	25981	25982	990000
23963	25981	25982	990000
23964	25981	25982	990000
23965	25981	25982	990000
23966	25981	25982	990000
23967	25981	25982	990000
23969	25981	25982	990000
23971	25991	25992	990000
23972	25991	25992	990000
23973	25991	25992	990000
23974	25991	25992	990000
23975	25991	25992	990000
23976	25991	25992	990000
23977	25991	25992	990000
23978	25991	25992	990000
23979	25991	25992	990000
23981	-1	-1	100000
23982	-1	-1	100000
23989	-1	-1	100000
23991	-1	-1	500000
23992	-1	-1	500000
23993	-1	-1	500000
23999	-1	-1	500000
24001	-1	-1	600000
24002	-1	-1	600000
24003	-1	-1	600000
24004	-1	-1	600000
24009	-1	-1	600000
24011	-1	-1	700000
24012	-1	-1	700000
24013	-1	-1	700000
24014	-1	-1	700000
24015	-1	-1	700000
24019	-1	-1	700000
24021	-1	-1	800000
24022	-1	-1	800000
24023	-1	-1	800000
24024	-1	-1	800000
24025	-1	-1	800000
24026	-1	-1	800000
24029	-1	-1	800000
24031	26001	26002	990000
24032	26001	26002	990000
24033	26001	26002	990000
24034	26001	26002	990000
24035	26001	26002	990000
24036	26001	26002	990000
24037	26001	26002	990000
24039	26001	26002	990000
24041	26011	26012	990000
24042	26011	26012	990000
24043	26011	26012	990000
24044	26011	26012	990000
24045	26011	26012	990000
24046	26011	26012	990000
24047	26011	26012	990000
24048	26011	26012	990000
24049	26011	26012	990000
24051	-1	-1	100000
24052	-1	-1	100000
24059	-1	-1	100000
24061	-1	-1	500000
24062	-1	-1	500000
24063	-1	-1	500000
24069	-1	-1	500000
24071	-1	-1	600000
24072	-1	-1	600000
24073	-1	-1	600000
24074	-1	-1	600000
24079	-1	-1	600000
24091	-1	-1	800000
24092	-1	-1	800000
24093	-1	-1	800000
24094	-1	-1	800000
24095	-1	-1	800000
24096	-1	-1	800000
24099	-1	-1	800000
24101	26021	26022	990000
24102	26021	26022	990000
24103	26021	26022	990000
24104	26021	26022	990000
24105	26021	26022	990000
24106	26021	26022	990000
24107	26021	26022	990000
24109	26021	26022	990000
24111	26031	26032	990000
24112	26031	26032	990000
24113	26031	26032	990000
24114	26031	26032	990000
24115	26031	26032	990000
24116	26031	26032	990000
24117	26031	26032	990000
24118	26031	26032	990000
24119	26031	26032	990000
24121	-1	-1	100000
24122	-1	-1	100000
24129	-1	-1	100000
24131	-1	-1	500000
24132	-1	-1	500000
24133	-1	-1	500000
24139	-1	-1	500000
24141	-1	-1	600000
24142	-1	-1	600000
24143	-1	-1	600000
24144	-1	-1	600000
24149	-1	-1	600000
24151	-1	-1	700000
24152	-1	-1	700000
24153	-1	-1	700000
24154	-1	-1	700000
24155	-1	-1	700000
24159	-1	-1	700000
24161	-1	-1	800000
24162	-1	-1	800000
24163	-1	-1	800000
24164	-1	-1	800000
24165	-1	-1	800000
24166	-1	-1	800000
24169	-1	-1	800000
24171	26041	26042	990000
24172	26041	26042	990000
24173	26041	26042	990000
24174	26041	26042	990000
24175	26041	26042	990000
24176	26041	26042	990000
24177	26041	26042	990000
24179	26041	26042	990000
24181	26051	26052	990000
24182	26051	26052	990000
24183	26051	26052	990000
24184	26051	26052	990000
24185	26051	26052	990000
24186	26051	26052	990000
24187	26051	26052	990000
24188	26051	26052	990000
24189	26051	26052	990000
24191	-1	-1	100000
24192	-1	-1	100000
24199	-1	-1	100000
24201	-1	-1	500000
24202	-1	-1	500000
24203	-1	-1	500000
24209	-1	-1	500000
24211	-1	-1	600000
24212	-1	-1	600000
24213	-1	-1	600000
24214	-1	-1	600000
24219	-1	-1	600000
24221	-1	-1	700000
24222	-1	-1	700000
24223	-1	-1	700000
24224	-1	-1	700000
24225	-1	-1	700000
24229	-1	-1	700000
24231	-1	-1	800000
24232	-1	-1	800000
24233	-1	-1	800000
24234	-1	-1	800000
24235	-1	-1	800000
24236	-1	-1	800000
24239	-1	-1	800000
24241	26061	26062	990000
24242	26061	26062	990000
24243	26061	26062	990000
24244	26061	26062	990000
24245	26061	26062	990000
24246	26061	26062	990000
24247	26061	26062	990000
24249	26061	26062	990000
24251	26071	26072	990000
24252	26071	26072	990000
24253	26071	26072	990000
24254	26071	26072	990000
24255	26071	26072	990000
24256	26071	26072	990000
24257	26071	26072	990000
24258	26071	26072	990000
24259	26071	26072	990000
24261	-1	-1	100000
24262	-1	-1	100000
24269	-1	-1	100000
24271	-1	-1	500000
24272	-1	-1	500000
24273	-1	-1	500000
24279	-1	-1	500000
24281	-1	-1	600000
24282	-1	-1	600000
24283	-1	-1	600000
24284	-1	-1	600000
24289	-1	-1	600000
24291	-1	-1	700000
24292	-1	-1	700000
24293	-1	-1	700000
24294	-1	-1	700000
24295	-1	-1	700000
24299	-1	-1	700000
24301	-1	-1	800000
24302	-1	-1	800000
24303	-1	-1	800000
24304	-1	-1	800000
24305	-1	-1	800000
24306	-1	-1	800000
24309	-1	-1	800000
24311	26081	26082	990000
24312	26081	26082	990000
24313	26081	26082	990000
24314	26081	26082	990000
24315	26081	26082	990000
24316	26081	26082	990000
24317	26081	26082	990000
24319	26081	26082	990000
24321	26091	26092	990000
24322	26091	26092	990000
24323	26091	26092	990000
24324	26091	26092	990000
24325	26091	26092	990000
24326	26091	26092	990000
24327	26091	26092	990000
24328	26091	26092	990000
24329	26091	26092	990000
24331	-1	-1	100000
24332	-1	-1	100000
24339	-1	-1	100000
24341	-1	-1	500000
24342	-1	-1	500000
24343	-1	-1	500000
24349	-1	-1	500000
24351	-1	-1	600000
24352	-1	-1	600000
24353	-1	-1	600000
24354	-1	-1	600000
24359	-1	-1	600000
24361	-1	-1	700000
24362	-1	-1	700000
24363	-1	-1	700000
24364	-1	-1	700000
24365	-1	-1	700000
24369	-1	-1	700000
24371	-1	-1	800000
24372	-1	-1	800000
24373	-1	-1	800000
24374	-1	-1	800000
24375	-1	-1	800000
24376	-1	-1	800000
24379	-1	-1	800000
24381	26101	26102	990000
24382	26101	26102	990000
24383	26101	26102	990000
24384	26101	26102	990000
24385	26101	26102	990000
24386	26101	26102	990000
24387	26101	26102	990000
24389	26101	26102	990000
24391	26111	26112	990000
24392	26111	26112	990000
24393	26111	26112	990000
24394	26111	26112	990000
24395	26111	26112	990000
24396	26111	26112	990000
24397	26111	26112	990000
24398	26111	26112	990000
24399	26111	26112	990000
24401	-1	-1	100000
24402	-1	-1	100000
24409	-1	-1	100000
24411	-1	-1	300000
24412	-1	-1	300000
24419	-1	-1	300000
24421	-1	-1	100000
24422	-1	-1	100000
24429	-1	-1	100000
24431	-1	-1	100000
24439	-1	-1	100000
24441	-1	-1	100000
24442	-1	-1	100000
24449	-1	-1	100000
24451	-1	-1	800000
24452	-1	-1	800000
24453	-1	-1	800000
24454	-1	-1	800000
24455	-1	-1	800000
24456	-1	-1	800000
24459	-1	-1	800000
24461	26121	26122	990000
24462	26121	26122	990000
24463	26121	26122	990000
24464	26121	26122	990000
24465	26121	26122	990000
24466	26121	26122	990000
24467	26121	26122	990000
24469	26121	26122	990000
24471	-1	-1	100000
24472	-1	-1	100000
24479	-1	-1	100000
24481	-1	-1	500000
24482	-1	-1	500000
24483	-1	-1	500000
24489	-1	-1	500000
24491	-1	-1	600000
24492	-1	-1	600000
24493	-1	-1	600000
24494	-1	-1	600000
24499	-1	-1	600000
24501	-1	-1	700000
24502	-1	-1	700000
24503	-1	-1	700000
24504	-1	-1	700000
24505	-1	-1	700000
24509	-1	-1	700000
24511	-1	-1	100000
24512	-1	-1	100000
24519	-1	-1	100000
24521	-1	-1	500000
24522	-1	-1	500000
24523	-1	-1	500000
24529	-1	-1	500000
24531	-1	-1	600000
24532	-1	-1	600000
24533	-1	-1	600000
24534	-1	-1	600000
24539	-1	-1	600000
24541	-1	-1	700000
24542	-1	-1	700000
24543	-1	-1	700000
24544	-1	-1	700000
24545	-1	-1	700000
24549	-1	-1	700000
24551	-1	-1	800000
24552	-1	-1	800000
24553	-1	-1	800000
24554	-1	-1	800000
24555	-1	-1	800000
24556	-1	-1	800000
24559	-1	-1	800000
24561	26131	26132	990000
24562	26131	26132	990000
24563	26131	26132	990000
24564	26131	26132	990000
24565	26131	26132	990000
24566	26131	26132	990000
24567	26131	26132	990000
24569	26131	26132	990000
24571	26141	26142	990000
24572	26141	26142	990000
24573	26141	26142	990000
24574	26141	26142	990000
24575	26141	26142	990000
24576	26141	26142	990000
24577	26141	26142	990000
24578	26141	26142	990000
24579	26141	26142	990000
24581	-1	-1	100000
24582	-1	-1	100000
24589	-1	-1	100000
24591	-1	-1	100000
24592	-1	-1	100000
24599	-1	-1	100000
24601	-1	-1	500000
24602	-1	-1	500000
24603	-1	-1	500000
24609	-1	-1	500000
24611	-1	-1	600000
24612	-1	-1	600000
24613	-1	-1	600000
24614	-1	-1	600000
24619	-1	-1	600000
24621	-1	-1	700000
24622	-1	-1	700000
24623	-1	-1	700000
24624	-1	-1	700000
24625	-1	-1	700000
24629	-1	-1	700000
24631	-1	-1	800000
24632	-1	-1	800000
24633	-1	-1	800000
24634	-1	-1	800000
24635	-1	-1	800000
24636	-1	-1	800000
24639	-1	-1	800000
24641	26151	26152	990000
24642	26151	26152	990000
24643	26151	26152	990000
24644	26151	26152	990000
24645	26151	26152	990000
24646	26151	26152	990000
24647	26151	26152	990000
24649	26151	26152	990000
24651	26161	26162	990000
24652	26161	26162	990000
24653	26161	26162	990000
24654	26161	26162	990000
24655	26161	26162	990000
24656	26161	26162	990000
24657	26161	26162	990000
24658	26161	26162	990000
24659	26161	26162	990000
24661	-1	-1	100000
24662	-1	-1	100000
24669	-1	-1	100000
24671	-1	-1	500000
24672	-1	-1	500000
24673	-1	-1	500000
24679	-1	-1	500000
24681	-1	-1	600000
24682	-1	-1	600000
24683	-1	-1	600000
24684	-1	-1	600000
24689	-1	-1	600000
24691	-1	-1	700000
24692	-1	-1	700000
24693	-1	-1	700000
24694	-1	-1	700000
24695	-1	-1	700000
24699	-1	-1	700000
24701	-1	-1	800000
24702	-1	-1	800000
24703	-1	-1	800000
24704	-1	-1	800000
24705	-1	-1	800000
24706	-1	-1	800000
24709	-1	-1	800000
24711	26171	26172	990000
24712	26171	26172	990000
24713	26171	26172	990000
24714	26171	26172	990000
24715	26171	26172	990000
24716	26171	26172	990000
24717	26171	26172	990000
24719	26171	26172	990000
24721	26181	26182	990000
24722	26181	26182	990000
24723	26181	26182	990000
24724	26181	26182	990000
24725	26181	26182	990000
24726	26181	26182	990000
24727	26181	26182	990000
24728	26181	26182	990000
24729	26181	26182	990000
24731	-1	-1	100000
24732	-1	-1	100000
24739	-1	-1	100000
24741	-1	-1	500000
24742	-1	-1	500000
24743	-1	-1	500000
24749	-1	-1	500000
24751	-1	-1	600000
24752	-1	-1	600000
24753	-1	-1	600000
24754	-1	-1	600000
24759	-1	-1	600000
24761	-1	-1	700000
24762	-1	-1	700000
24763	-1	-1	700000
24764	-1	-1	700000
24765	-1	-1	700000
24769	-1	-1	700000
24771	-1	-1	800000
24772	-1	-1	800000
24773	-1	-1	800000
24774	-1	-1	800000
24775	-1	-1	800000
24776	-1	-1	800000
24779	-1	-1	800000
24781	26191	26192	990000
24782	26191	26192	990000
24783	26191	26192	990000
24784	26191	26192	990000
24785	26191	26192	990000
24786	26191	26192	990000
24787	26191	26192	990000
24789	26191	26192	990000
24791	26201	26202	990000
24792	26201	26202	990000
24793	26201	26202	990000
24794	26201	26202	990000
24795	26201	26202	990000
24796	26201	26202	990000
24797	26201	26202	990000
24798	26201	26202	990000
24799	26201	26202	990000
24801	-1	-1	300000
24802	-1	-1	300000
24809	-1	-1	300000
24811	-1	-1	100000
24812	-1	-1	100000
24819	-1	-1	100000
24821	-1	-1	500000
24822	-1	-1	500000
24823	-1	-1	500000
24829	-1	-1	500000
24831	-1	-1	600000
24832	-1	-1	600000
24833	-1	-1	600000
24834	-1	-1	600000
24839	-1	-1	600000
24841	-1	-1	700000
24842	-1	-1	700000
24843	-1	-1	700000
24844	-1	-1	700000
24845	-1	-1	700000
24849	-1	-1	700000
24851	-1	-1	800000
24852	-1	-1	800000
24853	-1	-1	800000
24854	-1	-1	800000
24855	-1	-1	800000
24856	-1	-1	800000
24859	-1	-1	800000
24861	26211	26212	990000
24862	26211	26212	990000
24863	26211	26212	990000
24864	26211	26212	990000
24865	26211	26212	990000
24866	26211	26212	990000
24867	26211	26212	990000
24869	26211	26212	990000
24871	26221	26222	990000
24872	26221	26222	990000
24873	26221	26222	990000
24874	26221	26222	990000
24875	26221	26222	990000
24876	26221	26222	990000
24877	26221	26222	990000
24878	26221	26222	990000
24879	26221	26222	990000
24881	-1	-1	100000
24882	-1	-1	100000
24889	-1	-1	100000
24891	-1	-1	500000
24892	-1	-1	500000
24893	-1	-1	500000
24899	-1	-1	500000
24901	-1	-1	600000
24902	-1	-1	600000
24903	-1	-1	600000
24904	-1	-1	600000
24909	-1	-1	600000
24911	-1	-1	700000
24912	-1	-1	700000
24913	-1	-1	700000
24914	-1	-1	700000
24915	-1	-1	700000
24919	-1	-1	700000
24921	-1	-1	800000
24922	-1	-1	800000
24923	-1	-1	800000
24924	-1	-1	800000
24925	-1	-1	800000
24926	-1	-1	800000
24929	-1	-1	800000
24931	26231	26232	990000
24932	26231	26232	990000
24933	26231	26232	990000
24934	26231	26232	990000
24935	26231	26232	990000
24936	26231	26232	990000
24937	26231	26232	990000
24939	26231	26232	990000
24941	26241	26242	990000
24942	26241	26242	990000
24943	26241	26242	990000
24944	26241	26242	990000
24945	26241	26242	990000
24946	26241	26242	990000
24947	26241	26242	990000
24948	26241	26242	990000
24949	26241	26242	990000
27001	-1	-1	100000
27002	-1	-1	100000
27009	-1	-1	100000
27011	-1	-1	500000
27012	-1	-1	500000
27013	-1	-1	500000
27019	-1	-1	500000
27021	-1	-1	600000
27022	-1	-1	600000
27023	-1	-1	600000
27024	-1	-1	600000
27029	-1	-1	600000
27031	-1	-1	700000
27032	-1	-1	700000
27033	-1	-1	700000
27034	-1	-1	700000
27035	-1	-1	700000
27039	-1	-1	700000
27041	-1	-1	800000
27042	-1	-1	800000
27043	-1	-1	800000
27044	-1	-1	800000
27045	-1	-1	800000
27046	-1	-1	800000
27049	-1	-1	800000
27051	26251	26252	990000
27052	26251	26252	990000
27053	26251	26252	990000
27054	26251	26252	990000
27055	26251	26252	990000
27056	26251	26252	990000
27057	26251	26252	990000
27059	26251	26252	990000
27061	26261	26262	990000
27062	26261	26262	990000
27063	26261	26262	990000
27064	26261	26262	990000
27065	26261	26262	990000
27066	26261	26262	990000
27067	26261	26262	990000
27068	26261	26262	990000
27069	26261	26262	990000
27071	-1	-1	100000
27072	-1	-1	100000
27079	-1	-1	100000
27081	-1	-1	500000
27082	-1	-1	500000
27083	-1	-1	500000
27089	-1	-1	500000
27091	-1	-1	600000
27092	-1	-1	600000
27093	-1	-1	600000
27094	-1	-1	600000
27099	-1	-1	600000
27101	-1	-1	700000
27102	-1	-1	700000
27103	-1	-1	700000
27104	-1	-1	700000
27105	-1	-1	700000
27109	-1	-1	700000
27111	-1	-1	800000
27112	-1	-1	800000
27113	-1	-1	800000
27114	-1	-1	800000
27115	-1	-1	800000
27116	-1	-1	800000
27119	-1	-1	800000
27121	26271	26272	990000
27122	26271	26272	990000
27123	26271	26272	990000
27124	26271	26272	990000
27125	26271	26272	990000
27126	26271	26272	990000
27127	26271	26272	990000
27129	26271	26272	990000
27131	26281	26282	990000
27132	26281	26282	990000
27133	26281	26282	990000
27134	26281	26282	990000
27135	26281	26282	990000
27136	26281	26282	990000
27137	26281	26282	990000
27138	26281	26282	990000
27139	26281	26282	990000
27141	-1	-1	100000
27142	-1	-1	100000
27149	-1	-1	100000
27151	-1	-1	500000
27152	-1	-1	500000
27153	-1	-1	500000
27159	-1	-1	500000
27161	-1	-1	600000
27162	-1	-1	600000
27163	-1	-1	600000
27164	-1	-1	600000
27169	-1	-1	600000
27171	-1	-1	700000
27172	-1	-1	700000
27173	-1	-1	700000
27174	-1	-1	700000
27175	-1	-1	700000
27179	-1	-1	700000
27181	-1	-1	800000
27182	-1	-1	800000
27183	-1	-1	800000
27184	-1	-1	800000
27185	-1	-1	800000
27186	-1	-1	800000
27189	-1	-1	800000
27191	26291	26292	990000
27192	26291	26292	990000
27193	26291	26292	990000
27194	26291	26292	990000
27195	26291	26292	990000
27196	26291	26292	990000
27197	26291	26292	990000
27199	26291	26292	990000
27201	26301	26302	990000
27202	26301	26302	990000
27203	26301	26302	990000
27204	26301	26302	990000
27205	26301	26302	990000
27206	26301	26302	990000
27207	26301	26302	990000
27208	26301	26302	990000
27209	26301	26302	990000
27211	-1	-1	300000
27212	-1	-1	300000
27219	-1	-1	300000
27221	-1	-1	100000
27222	-1	-1	100000
27229	-1	-1	100000
27231	-1	-1	500000
27232	-1	-1	500000
27233	-1	-1	500000
27239	-1	-1	500000
27241	-1	-1	600000
27242	-1	-1	600000
27243	-1	-1	600000
27244	-1	-1	600000
27249	-1	-1	600000
27251	-1	-1	700000
27252	-1	-1	700000
27253	-1	-1	700000
27254	-1	-1	700000
27255	-1	-1	700000
27259	-1	-1	700000
27261	-1	-1	800000
27262	-1	-1	800000
27263	-1	-1	800000
27264	-1	-1	800000
27265	-1	-1	800000
27266	-1	-1	800000
27269	-1	-1	800000
27271	26311	26312	990000
27272	26311	26312	990000
27273	26311	26312	990000
27274	26311	26312	990000
27275	26311	26312	990000
27276	26311	26312	990000
27277	26311	26312	990000
27279	26311	26312	990000
27281	26321	26322	990000
27282	26321	26322	990000
27283	26321	26322	990000
27284	26321	26322	990000
27285	26321	26322	990000
27286	26321	26322	990000
27287	26321	26322	990000
27288	26321	26322	990000
27289	26321	26322	990000
27291	-1	-1	100000
27292	-1	-1	100000
27299	-1	-1	100000
27301	-1	-1	500000
27302	-1	-1	500000
27303	-1	-1	500000
27309	-1	-1	500000
27311	-1	-1	600000
27312	-1	-1	600000
27313	-1	-1	600000
27314	-1	-1	600000
27319	-1	-1	600000
27321	-1	-1	700000
27322	-1	-1	700000
27323	-1	-1	700000
27324	-1	-1	700000
27325	-1	-1	700000
27329	-1	-1	700000
27331	-1	-1	800000
27332	-1	-1	800000
27333	-1	-1	800000
27334	-1	-1	800000
27335	-1	-1	800000
27336	-1	-1	800000
27339	-1	-1	800000
27341	26331	26332	990000
27342	26331	26332	990000
27343	26331	26332	990000
27344	26331	26332	990000
27345	26331	26332	990000
27346	26331	26332	990000
27347	26331	26332	990000
27349	26331	26332	990000
27351	-1	-1	100000
27352	-1	-1	100000
27359	-1	-1	100000
27361	-1	-1	500000
27362	-1	-1	500000
27363	-1	-1	500000
27369	-1	-1	500000
27371	-1	-1	600000
27372	-1	-1	600000
27373	-1	-1	600000
27374	-1	-1	600000
27379	-1	-1	600000
27381	-1	-1	700000
27382	-1	-1	700000
27383	-1	-1	700000
27384	-1	-1	700000
27385	-1	-1	700000
27389	-1	-1	700000
27391	-1	-1	800000
27392	-1	-1	800000
27393	-1	-1	800000
27394	-1	-1	800000
27395	-1	-1	800000
27396	-1	-1	800000
27399	-1	-1	800000
27401	26331	26332	990000
27402	26331	26332	990000
27403	26331	26332	990000
27404	26331	26332	990000
27405	26331	26332	990000
27406	26331	26332	990000
27407	26331	26332	990000
27409	26331	26332	990000
27411	25921	25922	990000
27412	25921	25922	990000
27413	25921	25922	990000
27414	25921	25922	990000
27415	25921	25922	990000
27416	25921	25922	990000
27417	25921	25922	990000
27418	25921	25922	990000
27419	25921	25922	990000
27421	-1	-1	100000
27422	-1	-1	100000
27429	-1	-1	100000
27431	-1	-1	500000
27432	-1	-1	500000
27433	-1	-1	500000
27439	-1	-1	500000
27441	-1	-1	600000
27442	-1	-1	600000
27443	-1	-1	600000
27444	-1	-1	600000
27449	-1	-1	600000
27451	-1	-1	700000
27452	-1	-1	700000
27453	-1	-1	700000
27454	-1	-1	700000
27455	-1	-1	700000
27459	-1	-1	700000
27461	-1	-1	800000
27462	-1	-1	800000
27463	-1	-1	800000
27464	-1	-1	800000
27465	-1	-1	800000
27466	-1	-1	800000
27469	-1	-1	800000
27471	26291	26292	990000
27472	26291	26292	990000
27473	26291	26292	990000
27474	26291	26292	990000
27475	26291	26292	990000
27476	26291	26292	990000
27477	26291	26292	990000
27479	26291	26292	990000
27481	26301	26302	990000
27482	26301	26302	990000
27483	26301	26302	990000
27484	26301	26302	990000
27485	26301	26302	990000
27486	26301	26302	990000
27487	26301	26302	990000
27488	26301	26302	990000
27489	26301	26302	990000
27491	-1	-1	100000
27492	-1	-1	100000
27499	-1	-1	100000
27501	-1	-1	500000
27502	-1	-1	500000
27503	-1	-1	500000
27509	-1	-1	500000
27511	-1	-1	600000
27512	-1	-1	600000
27513	-1	-1	600000
27514	-1	-1	600000
27519	-1	-1	600000
27521	-1	-1	700000
27522	-1	-1	700000
27523	-1	-1	700000
27524	-1	-1	700000
27525	-1	-1	700000
27529	-1	-1	700000
27531	-1	-1	800000
27532	-1	-1	800000
27533	-1	-1	800000
27534	-1	-1	800000
27535	-1	-1	800000
27536	-1	-1	800000
27539	-1	-1	800000
27541	26341	26342	990000
27542	26341	26342	990000
27543	26341	26342	990000
27544	26341	26342	990000
27545	26341	26342	990000
27546	26341	26342	990000
27547	26341	26342	990000
27549	26341	26342	990000
27551	26351	26352	990000
27552	26351	26352	990000
27553	26351	26352	990000
27554	26351	26352	990000
27555	26351	26352	990000
27556	26351	26352	990000
27557	26351	26352	990000
27558	26351	26352	990000
27559	26351	26352	990000
27561	-1	-1	100000
27562	-1	-1	100000
27569	-1	-1	100000
27571	-1	-1	500000
27572	-1	-1	500000
27573	-1	-1	500000
27579	-1	-1	500000
27581	-1	-1	600000
27582	-1	-1	600000
27583	-1	-1	600000
27584	-1	-1	600000
27589	-1	-1	600000
27591	-1	-1	700000
27592	-1	-1	700000
27593	-1	-1	700000
27594	-1	-1	700000
27595	-1	-1	700000
27599	-1	-1	700000
27601	-1	-1	800000
27602	-1	-1	800000
27603	-1	-1	800000
27604	-1	-1	800000
27605	-1	-1	800000
27606	-1	-1	800000
27609	-1	-1	800000
27611	26361	26362	990000
27612	26361	26362	990000
27613	26361	26362	990000
27614	26361	26362	990000
27615	26361	26362	990000
27616	26361	26362	990000
27617	26361	26362	990000
27619	26361	26362	990000
27621	26371	26372	990000
27622	26371	26372	990000
27623	26371	26372	990000
27624	26371	26372	990000
27625	26371	26372	990000
27626	26371	26372	990000
27627	26371	26372	990000
27628	26371	26372	990000
27629	26371	26372	990000
27631	-1	-1	100000
27632	-1	-1	100000
27639	-1	-1	100000
27641	-1	-1	500000
27642	-1	-1	500000
27643	-1	-1	500000
27649	-1	-1	500000
27651	-1	-1	600000
27652	-1	-1	600000
27653	-1	-1	600000
27654	-1	-1	600000
27659	-1	-1	600000
27661	-1	-1	700000
27662	-1	-1	700000
27663	-1	-1	700000
27664	-1	-1	700000
27665	-1	-1	700000
27669	-1	-1	700000
27671	-1	-1	800000
27672	-1	-1	800000
27673	-1	-1	800000
27674	-1	-1	800000
27675	-1	-1	800000
27676	-1	-1	800000
27679	-1	-1	800000
27681	26361	26362	990000
27682	26361	26362	990000
27683	26361	26362	990000
27684	26361	26362	990000
27685	26361	26362	990000
27686	26361	26362	990000
27687	26361	26362	990000
27689	26361	26362	990000
27691	26371	26372	990000
27692	26371	26372	990000
27693	26371	26372	990000
27694	26371	26372	990000
27695	26371	26372	990000
27696	26371	26372	990000
27697	26371	26372	990000
27698	26371	26372	990000
27699	26371	26372	990000
27701	26381	26382	990000
27702	26381	26382	990000
27703	26381	26382	990000
27704	26381	26382	990000
27705	26381	26382	990000
27706	26381	26382	990000
27707	26381	26382	990000
27708	26381	26382	990000
27709	26381	26382	990000
27711	26391	26392	990000
27712	26391	26392	990000
27713	26391	26392	990000
27714	26391	26392	990000
27715	26391	26392	990000
27716	26391	26392	990000
27717	26391	26392	990000
27718	26391	26392	990000
27719	26391	26392	990000
27721	26401	26402	990000
27722	26401	26402	990000
27723	26401	26402	990000
27724	26401	26402	990000
27725	26401	26402	990000
27726	26401	26402	990000
27727	26401	26402	990000
27728	26401	26402	990000
27729	26401	26402	990000
27731	26411	26412	990000
27732	26411	26412	990000
27733	26411	26412	990000
27734	26411	26412	990000
27735	26411	26412	990000
27736	26411	26412	990000
27737	26411	26412	990000
27738	26411	26412	990000
27739	26411	26412	990000
27741	-1	-1	300000
27742	-1	-1	300000
27749	-1	-1	300000
27751	-1	-1	100000
27752	-1	-1	100000
27759	-1	-1	100000
27761	-1	-1	500000
27762	-1	-1	500000
27763	-1	-1	500000
27769	-1	-1	500000
27771	-1	-1	600000
27772	-1	-1	600000
27773	-1	-1	600000
27774	-1	-1	600000
27779	-1	-1	600000
27781	-1	-1	700000
27782	-1	-1	700000
27783	-1	-1	700000
27784	-1	-1	700000
27785	-1	-1	700000
27789	-1	-1	700000
27791	-1	-1	800000
27792	-1	-1	800000
27793	-1	-1	800000
27794	-1	-1	800000
27795	-1	-1	800000
27796	-1	-1	800000
27799	-1	-1	800000
27801	26541	26542	990000
27802	26541	26542	990000
27803	26541	26542	990000
27804	26541	26542	990000
27805	26541	26542	990000
27806	26541	26542	990000
27807	26541	26542	990000
27809	26541	26542	990000
27811	26551	26552	990000
27812	26551	26552	990000
27813	26551	26552	990000
27814	26551	26552	990000
27815	26551	26552	990000
27816	26551	26552	990000
27817	26551	26552	990000
27818	26551	26552	990000
27819	26551	26552	990000
27821	-1	-1	300000
27822	-1	-1	300000
27831	-1	-1	500000
27832	-1	-1	500000
27833	-1	-1	500000
27839	-1	-1	500000
27841	-1	-1	300000
27842	-1	-1	300000
27849	-1	-1	300000
27851	-1	-1	300000
27852	-1	-1	300000
27859	-1	-1	300000
27861	-1	-1	300000
27862	-1	-1	300000
27869	-1	-1	300000
27871	-1	-1	300000
27872	-1	-1	300000
27879	-1	-1	300000
27901	-1	-1	100000
27902	-1	-1	100000
27909	-1	-1	100000
27911	-1	-1	500000
27912	-1	-1	500000
27913	-1	-1	500000
27919	-1	-1	500000
27921	-1	-1	600000
27922	-1	-1	600000
27923	-1	-1	600000
27924	-1	-1	600000
27929	-1	-1	600000
27931	-1	-1	700000
27932	-1	-1	700000
27933	-1	-1	700000
27934	-1	-1	700000
27935	-1	-1	700000
27939	-1	-1	700000
27941	-1	-1	800000
27942	-1	-1	800000
27943	-1	-1	800000
27944	-1	-1	800000
27945	-1	-1	800000
27946	-1	-1	800000
27949	-1	-1	800000
27951	26441	26442	990000
27952	26441	26442	990000
27953	26441	26442	990000
27954	26441	26442	990000
27955	26441	26442	990000
27956	26441	26442	990000
27957	26441	26442	990000
27959	26441	26442	990000
27961	26451	26452	990000
27962	26451	26452	990000
27963	26451	26452	990000
27964	26451	26452	990000
27965	26451	26452	990000
27966	26451	26452	990000
27967	26451	26452	990000
27968	26451	26452	990000
27969	26451	26452	990000
27971	-1	-1	100000
27972	-1	-1	100000
27979	-1	-1	100000
27981	-1	-1	500000
27982	-1	-1	500000
27983	-1	-1	500000
27989	-1	-1	500000
27991	-1	-1	600000
27992	-1	-1	600000
27993	-1	-1	600000
27994	-1	-1	600000
27999	-1	-1	600000
28001	-1	-1	700000
28002	-1	-1	700000
28003	-1	-1	700000
28004	-1	-1	700000
28005	-1	-1	700000
28009	-1	-1	700000
28011	-1	-1	800000
28012	-1	-1	800000
28013	-1	-1	800000
28014	-1	-1	800000
28015	-1	-1	800000
28016	-1	-1	800000
28019	-1	-1	800000
28021	26461	26462	990000
28022	26461	26462	990000
28023	26461	26462	990000
28024	26461	26462	990000
28025	26461	26462	990000
28026	26461	26462	990000
28027	26461	26462	990000
28029	26461	26462	990000
28031	26471	26472	990000
28032	26471	26472	990000
28033	26471	26472	990000
28034	26471	26472	990000
28035	26471	26472	990000
28036	26471	26472	990000
28037	26471	26472	990000
28038	26471	26472	990000
28039	26471	26472	990000
28041	-1	-1	100000
28042	-1	-1	100000
28049	-1	-1	100000
28051	-1	-1	500000
28052	-1	-1	500000
28053	-1	-1	500000
28059	-1	-1	500000
28061	-1	-1	600000
28062	-1	-1	600000
28063	-1	-1	600000
28064	-1	-1	600000
28069	-1	-1	600000
28071	-1	-1	700000
28072	-1	-1	700000
28073	-1	-1	700000
28074	-1	-1	700000
28075	-1	-1	700000
28079	-1	-1	700000
28081	-1	-1	800000
28082	-1	-1	800000
28083	-1	-1	800000
28084	-1	-1	800000
28085	-1	-1	800000
28086	-1	-1	800000
28089	-1	-1	800000
28091	26481	26482	990000
28092	26481	26482	990000
28093	26481	26482	990000
28094	26481	26482	990000
28095	26481	26482	990000
28096	26481	26482	990000
28097	26481	26482	990000
28099	26481	26482	990000
28101	26491	26492	990000
28102	26491	26492	990000
28103	26491	26492	990000
28104	26491	26492	990000
28105	26491	26492	990000
28106	26491	26492	990000
28107	26491	26492	990000
28108	26491	26492	990000
28109	26491	26492	990000
28111	-1	-1	100000
28112	-1	-1	100000
28119	-1	-1	100000
28121	-1	-1	500000
28122	-1	-1	500000
28123	-1	-1	500000
28129	-1	-1	500000
28131	-1	-1	600000
28132	-1	-1	600000
28133	-1	-1	600000
28134	-1	-1	600000
28139	-1	-1	600000
28141	-1	-1	700000
28142	-1	-1	700000
28143	-1	-1	700000
28144	-1	-1	700000
28145	-1	-1	700000
28149	-1	-1	700000
28151	-1	-1	800000
28152	-1	-1	800000
28153	-1	-1	800000
28154	-1	-1	800000
28155	-1	-1	800000
28156	-1	-1	800000
28159	-1	-1	800000
28161	26501	26502	990000
28162	26501	26502	990000
28163	26501	26502	990000
28164	26501	26502	990000
28165	26501	26502	990000
28166	26501	26502	990000
28167	26501	26502	990000
28169	26501	26502	990000
28171	26511	26512	990000
28172	26511	26512	990000
28173	26511	26512	990000
28174	26511	26512	990000
28175	26511	26512	990000
28176	26511	26512	990000
28177	26511	26512	990000
28178	26511	26512	990000
28179	26511	26512	990000
28181	-1	-1	100000
28182	-1	-1	100000
28189	-1	-1	100000
28191	-1	-1	500000
28192	-1	-1	500000
28193	-1	-1	500000
28199	-1	-1	500000
28201	-1	-1	600000
28202	-1	-1	600000
28203	-1	-1	600000
28204	-1	-1	600000
28209	-1	-1	600000
28211	-1	-1	700000
28212	-1	-1	700000
28213	-1	-1	700000
28214	-1	-1	700000
28215	-1	-1	700000
28219	-1	-1	700000
28221	-1	-1	800000
28222	-1	-1	800000
28223	-1	-1	800000
28224	-1	-1	800000
28225	-1	-1	800000
28226	-1	-1	800000
28229	-1	-1	800000
28231	26521	26522	990000
28232	26521	26522	990000
28233	26521	26522	990000
28234	26521	26522	990000
28235	26521	26522	990000
28236	26521	26522	990000
28237	26521	26522	990000
28239	26521	26522	990000
28241	26531	26532	990000
28242	26531	26532	990000
28243	26531	26532	990000
28244	26531	26532	990000
28245	26531	26532	990000
28246	26531	26532	990000
28247	26531	26532	990000
28248	26531	26532	990000
28249	26531	26532	990000
28251	-1	-1	100000
28252	-1	-1	100000
28259	-1	-1	100000
28261	-1	-1	500000
28262	-1	-1	500000
28263	-1	-1	500000
28269	-1	-1	500000
28271	-1	-1	600000
28272	-1	-1	600000
28273	-1	-1	600000
28274	-1	-1	600000
28279	-1	-1	600000
28281	-1	-1	700000
28282	-1	-1	700000
28283	-1	-1	700000
28284	-1	-1	700000
28285	-1	-1	700000
28289	-1	-1	700000
28291	-1	-1	800000
28292	-1	-1	800000
28293	-1	-1	800000
28294	-1	-1	800000
28295	-1	-1	800000
28296	-1	-1	800000
28299	-1	-1	800000
28301	26461	26462	990000
28302	26461	26462	990000
28303	26461	26462	990000
28304	26461	26462	990000
28305	26461	26462	990000
28306	26461	26462	990000
28307	26461	26462	990000
28309	26461	26462	990000
28311	26471	26472	990000
28312	26471	26472	990000
28313	26471	26472	990000
28314	26471	26472	990000
28315	26471	26472	990000
28316	26471	26472	990000
28317	26471	26472	990000
28318	26471	26472	990000
28319	26471	26472	990000
28321	-1	-1	300000
28322	-1	-1	300000
28329	-1	-1	300000
28331	-1	-1	100000
28332	-1	-1	100000
28339	-1	-1	100000
28341	-1	-1	500000
28342	-1	-1	500000
28343	-1	-1	500000
28349	-1	-1	500000
28351	-1	-1	600000
28352	-1	-1	600000
28353	-1	-1	600000
28354	-1	-1	600000
28359	-1	-1	600000
28361	-1	-1	700000
28362	-1	-1	700000
28363	-1	-1	700000
28364	-1	-1	700000
28365	-1	-1	700000
28369	-1	-1	700000
28371	-1	-1	800000
28372	-1	-1	800000
28373	-1	-1	800000
28374	-1	-1	800000
28375	-1	-1	800000
28376	-1	-1	800000
28379	-1	-1	800000
28381	26501	26502	990000
28382	26501	26502	990000
28383	26501	26502	990000
28384	26501	26502	990000
28385	26501	26502	990000
28386	26501	26502	990000
28387	26501	26502	990000
28389	26501	26502	990000
28391	26511	26512	990000
28392	26511	26512	990000
28393	26511	26512	990000
28394	26511	26512	990000
28395	26511	26512	990000
28396	26511	26512	990000
28397	26511	26512	990000
28398	26511	26512	990000
28399	26511	26512	990000
28401	-1	-1	100000
28402	-1	-1	100000
28409	-1	-1	100000
28411	-1	-1	500000
28412	-1	-1	500000
28413	-1	-1	500000
28419	-1	-1	500000
28421	-1	-1	600000
28422	-1	-1	600000
28423	-1	-1	600000
28424	-1	-1	600000
28429	-1	-1	600000
28431	-1	-1	700000
28432	-1	-1	700000
28433	-1	-1	700000
28434	-1	-1	700000
28435	-1	-1	700000
28439	-1	-1	700000
28441	-1	-1	800000
28442	-1	-1	800000
28443	-1	-1	800000
28444	-1	-1	800000
28445	-1	-1	800000
28446	-1	-1	800000
28449	-1	-1	800000
28451	26501	26502	990000
28452	26501	26502	990000
28453	26501	26502	990000
28454	26501	26502	990000
28455	26501	26502	990000
28456	26501	26502	990000
28457	26501	26502	990000
28459	26501	26502	990000
28461	26511	26512	990000
28462	26511	26512	990000
28463	26511	26512	990000
28464	26511	26512	990000
28465	26511	26512	990000
28466	26511	26512	990000
28467	26511	26512	990000
28468	26511	26512	990000
28469	26511	26512	990000
28471	-1	-1	100000
28472	-1	-1	100000
28479	-1	-1	100000
28481	-1	-1	500000
28482	-1	-1	500000
28483	-1	-1	500000
28489	-1	-1	500000
28491	-1	-1	600000
28492	-1	-1	600000
28493	-1	-1	600000
28494	-1	-1	600000
28499	-1	-1	600000
28501	-1	-1	700000
28502	-1	-1	700000
28503	-1	-1	700000
28504	-1	-1	700000
28505	-1	-1	700000
28509	-1	-1	700000
28511	-1	-1	800000
28512	-1	-1	800000
28513	-1	-1	800000
28514	-1	-1	800000
28515	-1	-1	800000
28516	-1	-1	800000
28519	-1	-1	800000
28521	26361	26362	990000
28522	26361	26362	990000
28523	26361	26362	990000
28524	26361	26362	990000
28525	26361	26362	990000
28526	26361	26362	990000
28527	26361	26362	990000
28529	26361	26362	990000
28531	26371	26372	990000
28532	26371	26372	990000
28533	26371	26372	990000
28534	26371	26372	990000
28535	26371	26372	990000
28536	26371	26372	990000
28537	26371	26372	990000
28538	26371	26372	990000
28539	26371	26372	990000
28541	-1	-1	100000
28542	-1	-1	100000
28549	-1	-1	100000
28551	-1	-1	500000
28552	-1	-1	500000
28553	-1	-1	500000
28559	-1	-1	500000
28561	-1	-1	600000
28562	-1	-1	600000
28563	-1	-1	600000
28564	-1	-1	600000
28569	-1	-1	600000
28571	-1	-1	700000
28572	-1	-1	700000
28573	-1	-1	700000
28574	-1	-1	700000
28575	-1	-1	700000
28579	-1	-1	700000
28581	-1	-1	800000
28582	-1	-1	800000
28583	-1	-1	800000
28584	-1	-1	800000
28585	-1	-1	800000
28586	-1	-1	800000
28589	-1	-1	800000
28591	26361	26362	990000
28592	26361	26362	990000
28593	26361	26362	990000
28594	26361	26362	990000
28595	26361	26362	990000
28596	26361	26362	990000
28597	26361	26362	990000
28599	26361	26362	990000
28601	26371	26372	990000
28602	26371	26372	990000
28603	26371	26372	990000
28604	26371	26372	990000
28605	26371	26372	990000
28606	26371	26372	990000
28607	26371	26372	990000
28608	26371	26372	990000
28609	26371	26372	990000
28611	-1	-1	100000
28612	-1	-1	100000
28619	-1	-1	100000
28621	-1	-1	500000
28622	-1	-1	500000
28623	-1	-1	500000
28629	-1	-1	500000
28631	-1	-1	600000
28632	-1	-1	600000
28633	-1	-1	600000
28634	-1	-1	600000
28639	-1	-1	600000
28641	-1	-1	700000
28642	-1	-1	700000
28643	-1	-1	700000
28644	-1	-1	700000
28645	-1	-1	700000
28649	-1	-1	700000
28651	-1	-1	800000
28652	-1	-1	800000
28653	-1	-1	800000
28654	-1	-1	800000
28655	-1	-1	800000
28656	-1	-1	800000
28659	-1	-1	800000
28661	26581	26582	990000
28662	26581	26582	990000
28663	26581	26582	990000
28664	26581	26582	990000
28665	26581	26582	990000
28666	26581	26582	990000
28667	26581	26582	990000
28669	26581	26582	990000
28671	26591	26592	990000
28672	26591	26592	990000
28673	26591	26592	990000
28674	26591	26592	990000
28675	26591	26592	990000
28676	26591	26592	990000
28677	26591	26592	990000
28678	26591	26592	990000
28679	26591	26592	990000
29311	-1	-1	100000
29312	-1	-1	100000
29319	-1	-1	100000
29321	-1	-1	500000
29322	-1	-1	500000
29323	-1	-1	500000
29329	-1	-1	500000
29331	-1	-1	600000
29332	-1	-1	600000
29333	-1	-1	600000
29334	-1	-1	600000
29339	-1	-1	600000
29341	-1	-1	700000
29342	-1	-1	700000
29343	-1	-1	700000
29344	-1	-1	700000
29345	-1	-1	700000
29349	-1	-1	700000
29351	-1	-1	800000
29352	-1	-1	800000
29353	-1	-1	800000
29354	-1	-1	800000
29355	-1	-1	800000
29356	-1	-1	800000
29359	-1	-1	800000
29361	25981	25982	990000
29362	25981	25982	990000
29363	25981	25982	990000
29364	25981	25982	990000
29365	25981	25982	990000
29366	25981	25982	990000
29367	25981	25982	990000
29369	25981	25982	990000
29371	25991	25992	990000
29372	25991	25992	990000
29373	25991	25992	990000
29374	25991	25992	990000
29375	25991	25992	990000
29376	25991	25992	990000
29377	25991	25992	990000
29378	25991	25992	990000
29379	25991	25992	990000
29381	-1	-1	100000
29382	-1	-1	100000
29389	-1	-1	100000
29391	-1	-1	500000
29392	-1	-1	500000
29393	-1	-1	500000
29399	-1	-1	500000
29401	-1	-1	600000
29402	-1	-1	600000
29403	-1	-1	600000
29404	-1	-1	600000
29409	-1	-1	600000
29411	-1	-1	700000
29412	-1	-1	700000
29413	-1	-1	700000
29414	-1	-1	700000
29415	-1	-1	700000
29419	-1	-1	700000
29421	-1	-1	800000
29422	-1	-1	800000
29423	-1	-1	800000
29424	-1	-1	800000
29425	-1	-1	800000
29426	-1	-1	800000
29429	-1	-1	800000
29431	26561	26562	990000
29432	26561	26562	990000
29433	26561	26562	990000
29434	26561	26562	990000
29435	26561	26562	990000
29436	26561	26562	990000
29437	26561	26562	990000
29439	26561	26562	990000
29441	26571	26572	990000
29442	26571	26572	990000
29443	26571	26572	990000
29444	26571	26572	990000
29445	26571	26572	990000
29446	26571	26572	990000
29447	26571	26572	990000
29448	26571	26572	990000
29449	26571	26572	990000
29451	-1	-1	100000
29459	-1	-1	100000
29461	-1	-1	100000
29462	-1	-1	100000
29469	-1	-1	100000
29471	-1	-1	500000
29472	-1	-1	500000
29473	-1	-1	500000
29479	-1	-1	500000
29481	-1	-1	600000
29482	-1	-1	600000
29483	-1	-1	600000
29484	-1	-1	600000
29489	-1	-1	600000
29491	-1	-1	700000
29492	-1	-1	700000
29493	-1	-1	700000
29494	-1	-1	700000
29495	-1	-1	700000
29499	-1	-1	700000
29501	-1	-1	800000
29502	-1	-1	800000
29503	-1	-1	800000
29504	-1	-1	800000
29505	-1	-1	800000
29506	-1	-1	800000
29509	-1	-1	800000
29511	26581	26582	990000
29512	26581	26582	990000
29513	26581	26582	990000
29514	26581	26582	990000
29515	26581	26582	990000
29516	26581	26582	990000
29517	26581	26582	990000
29519	26581	26582	990000
29521	26591	26592	990000
29522	26591	26592	990000
29523	26591	26592	990000
29524	26591	26592	990000
29525	26591	26592	990000
29526	26591	26592	990000
29527	26591	26592	990000
29528	26591	26592	990000
29529	26591	26592	990000
29531	-1	-1	300000
29532	-1	-1	300000
29539	-1	-1	300000
29541	-1	-1	100000
29542	-1	-1	100000
29549	-1	-1	100000
29551	-1	-1	500000
29552	-1	-1	500000
29553	-1	-1	500000
29559	-1	-1	500000
29561	-1	-1	600000
29562	-1	-1	600000
29563	-1	-1	600000
29564	-1	-1	600000
29569	-1	-1	600000
29571	-1	-1	700000
29572	-1	-1	700000
29573	-1	-1	700000
29574	-1	-1	700000
29575	-1	-1	700000
29579	-1	-1	700000
29581	-1	-1	800000
29582	-1	-1	800000
29583	-1	-1	800000
29584	-1	-1	800000
29585	-1	-1	800000
29586	-1	-1	800000
29589	-1	-1	800000
29591	26501	26502	990000
29592	26501	26502	990000
29593	26501	26502	990000
29594	26501	26502	990000
29595	26501	26502	990000
29596	26501	26502	990000
29597	26501	26502	990000
29599	26501	26502	990000
29601	26511	26512	990000
29602	26511	26512	990000
29603	26511	26512	990000
29604	26511	26512	990000
29605	26511	26512	990000
29606	26511	26512	990000
29607	26511	26512	990000
29608	26511	26512	990000
29609	26511	26512	990000
29611	-1	-1	100000
29612	-1	-1	100000
29619	-1	-1	100000
29621	-1	-1	500000
29622	-1	-1	500000
29623	-1	-1	500000
29629	-1	-1	500000
29631	-1	-1	600000
29632	-1	-1	600000
29633	-1	-1	600000
29634	-1	-1	600000
29639	-1	-1	600000
29641	-1	-1	700000
29642	-1	-1	700000
29643	-1	-1	700000
29644	-1	-1	700000
29645	-1	-1	700000
29649	-1	-1	700000
29651	-1	-1	800000
29652	-1	-1	800000
29653	-1	-1	800000
29654	-1	-1	800000
29655	-1	-1	800000
29656	-1	-1	800000
29659	-1	-1	800000
29661	26601	26602	990000
29662	26601	26602	990000
29663	26601	26602	990000
29664	26601	26602	990000
29665	26601	26602	990000
29666	26601	26602	990000
29667	26601	26602	990000
29669	26601	26602	990000
29671	26611	26612	990000
29672	26611	26612	990000
29673	26611	26612	990000
29674	26611	26612	990000
29675	26611	26612	990000
29676	26611	26612	990000
29677	26611	26612	990000
29678	26611	26612	990000
29679	26611	26612	990000
29681	-1	-1	100000
29682	-1	-1	100000
29689	-1	-1	100000
29691	-1	-1	500000
29692	-1	-1	500000
29693	-1	-1	500000
29699	-1	-1	500000
29701	-1	-1	600000
29702	-1	-1	600000
29703	-1	-1	600000
29704	-1	-1	600000
29709	-1	-1	600000
29711	-1	-1	700000
29712	-1	-1	700000
29713	-1	-1	700000
29714	-1	-1	700000
29715	-1	-1	700000
29719	-1	-1	700000
29721	-1	-1	800000
29722	-1	-1	800000
29723	-1	-1	800000
29724	-1	-1	800000
29725	-1	-1	800000
29726	-1	-1	800000
29729	-1	-1	800000
29731	26621	26622	990000
29732	26621	26622	990000
29733	26621	26622	990000
29734	26621	26622	990000
29735	26621	26622	990000
29736	26621	26622	990000
29737	26621	26622	990000
29739	26621	26622	990000
29741	26631	26632	990000
29742	26631	26632	990000
29743	26631	26632	990000
29744	26631	26632	990000
29745	26631	26632	990000
29746	26631	26632	990000
29747	26631	26632	990000
29748	26631	26632	990000
29749	26631	26632	990000
29751	-1	-1	100000
29752	-1	-1	100000
29759	-1	-1	100000
29761	-1	-1	500000
29762	-1	-1	500000
29763	-1	-1	500000
29769	-1	-1	500000
29771	-1	-1	600000
29772	-1	-1	600000
29773	-1	-1	600000
29774	-1	-1	600000
29779	-1	-1	600000
29781	-1	-1	700000
29782	-1	-1	700000
29783	-1	-1	700000
29784	-1	-1	700000
29785	-1	-1	700000
29789	-1	-1	700000
29791	-1	-1	800000
29792	-1	-1	800000
29793	-1	-1	800000
29794	-1	-1	800000
29795	-1	-1	800000
29796	-1	-1	800000
29799	-1	-1	800000
29801	26641	26642	990000
29802	26641	26642	990000
29803	26641	26642	990000
29804	26641	26642	990000
29805	26641	26642	990000
29806	26641	26642	990000
29807	26641	26642	990000
29809	26641	26642	990000
29811	26651	26652	990000
29812	26651	26652	990000
29813	26651	26652	990000
29814	26651	26652	990000
29815	26651	26652	990000
29816	26651	26652	990000
29817	26651	26652	990000
29818	26651	26652	990000
29819	26651	26652	990000
29821	-1	-1	100000
29822	-1	-1	100000
29829	-1	-1	100000
29831	-1	-1	500000
29832	-1	-1	500000
29833	-1	-1	500000
29839	-1	-1	500000
29841	-1	-1	600000
29842	-1	-1	600000
29843	-1	-1	600000
29844	-1	-1	600000
29849	-1	-1	600000
29851	-1	-1	700000
29852	-1	-1	700000
29853	-1	-1	700000
29854	-1	-1	700000
29855	-1	-1	700000
29859	-1	-1	700000
29861	-1	-1	800000
29862	-1	-1	800000
29863	-1	-1	800000
29864	-1	-1	800000
29865	-1	-1	800000
29866	-1	-1	800000
29869	-1	-1	800000
29871	25341	25342	990000
29872	25341	25342	990000
29873	25341	25342	990000
29874	25341	25342	990000
29875	25341	25342	990000
29876	25341	25342	990000
29877	25341	25342	990000
29879	25341	25342	990000
29881	25651	25652	990000
29882	25651	25652	990000
29883	25651	25652	990000
29884	25651	25652	990000
29885	25651	25652	990000
29886	25651	25652	990000
29887	25651	25652	990000
29888	25651	25652	990000
29889	25651	25652	990000
29891	-1	-1	100000
29892	-1	-1	100000
29899	-1	-1	100000
29901	-1	-1	500000
29902	-1	-1	500000
29903	-1	-1	500000
29909	-1	-1	500000
29911	-1	-1	600000
29912	-1	-1	600000
29913	-1	-1	600000
29914	-1	-1	600000
29919	-1	-1	600000
29921	-1	-1	700000
29922	-1	-1	700000
29923	-1	-1	700000
29924	-1	-1	700000
29925	-1	-1	700000
29929	-1	-1	700000
29931	-1	-1	800000
29932	-1	-1	800000
29933	-1	-1	800000
29934	-1	-1	800000
29935	-1	-1	800000
29936	-1	-1	800000
29939	-1	-1	800000
29941	26581	26582	990000
29942	26581	26582	990000
29943	26581	26582	990000
29944	26581	26582	990000
29945	26581	26582	990000
29946	26581	26582	990000
29947	26581	26582	990000
29949	26581	26582	990000
29951	26591	26592	990000
29952	26591	26592	990000
29953	26591	26592	990000
29954	26591	26592	990000
29955	26591	26592	990000
29956	26591	26592	990000
29957	26591	26592	990000
29958	26591	26592	990000
29959	26591	26592	990000
29961	-1	-1	300000
29962	-1	-1	300000
29969	-1	-1	300000
29971	-1	-1	100000
29972	-1	-1	100000
29979	-1	-1	100000
29981	-1	-1	500000
29982	-1	-1	500000
29983	-1	-1	500000
29989	-1	-1	500000
29991	-1	-1	600000
29992	-1	-1	600000
29993	-1	-1	600000
29994	-1	-1	600000
29999	-1	-1	600000
30001	-1	-1	700000
30002	-1	-1	700000
30003	-1	-1	700000
30004	-1	-1	700000
30005	-1	-1	700000
30009	-1	-1	700000
30011	-1	-1	800000
30012	-1	-1	800000
30013	-1	-1	800000
30014	-1	-1	800000
30015	-1	-1	800000
30016	-1	-1	800000
30019	-1	-1	800000
30021	26641	26642	990000
30022	26641	26642	990000
30023	26641	26642	990000
30024	26641	26642	990000
30025	26641	26642	990000
30026	26641	26642	990000
30027	26641	26642	990000
30029	26641	26642	990000
30031	26651	26652	990000
30032	26651	26652	990000
30033	26651	26652	990000
30034	26651	26652	990000
30035	26651	26652	990000
30036	26651	26652	990000
30037	26651	26652	990000
30038	26651	26652	990000
30039	26651	26652	990000
30041	-1	-1	100000
30042	-1	-1	100000
30049	-1	-1	100000
30051	-1	-1	500000
30052	-1	-1	500000
30053	-1	-1	500000
30059	-1	-1	500000
30061	-1	-1	600000
30062	-1	-1	600000
30063	-1	-1	600000
30064	-1	-1	600000
30069	-1	-1	600000
30071	-1	-1	700000
30072	-1	-1	700000
30073	-1	-1	700000
30074	-1	-1	700000
30075	-1	-1	700000
30079	-1	-1	700000
30081	-1	-1	800000
30082	-1	-1	800000
30083	-1	-1	800000
30084	-1	-1	800000
30085	-1	-1	800000
30086	-1	-1	800000
30089	-1	-1	800000
30091	26661	26662	990000
30092	26661	26662	990000
30093	26661	26662	990000
30094	26661	26662	990000
30095	26661	26662	990000
30096	26661	26662	990000
30097	26661	26662	990000
30099	26661	26662	990000
30101	26671	26672	990000
30102	26671	26672	990000
30103	26671	26672	990000
30104	26671	26672	990000
30105	26671	26672	990000
30106	26671	26672	990000
30107	26671	26672	990000
30108	26671	26672	990000
30109	26671	26672	990000
30111	-1	-1	100000
30112	-1	-1	100000
30119	-1	-1	100000
30121	-1	-1	500000
30122	-1	-1	500000
30123	-1	-1	500000
30129	-1	-1	500000
30131	-1	-1	600000
30132	-1	-1	600000
30133	-1	-1	600000
30134	-1	-1	600000
30139	-1	-1	600000
30141	-1	-1	700000
30142	-1	-1	700000
30143	-1	-1	700000
30144	-1	-1	700000
30145	-1	-1	700000
30149	-1	-1	700000
30151	-1	-1	800000
30152	-1	-1	800000
30153	-1	-1	800000
30154	-1	-1	800000
30155	-1	-1	800000
30156	-1	-1	800000
30159	-1	-1	800000
30161	26361	26362	990000
30162	26361	26362	990000
30163	26361	26362	990000
30164	26361	26362	990000
30165	26361	26362	990000
30166	26361	26362	990000
30167	26361	26362	990000
30169	26361	26362	990000
30171	26371	26372	990000
30172	26371	26372	990000
30173	26371	26372	990000
30174	26371	26372	990000
30175	26371	26372	990000
30176	26371	26372	990000
30177	26371	26372	990000
30178	26371	26372	990000
30179	26371	26372	990000
30181	-1	-1	100000
30182	-1	-1	100000
30189	-1	-1	100000
30191	-1	-1	500000
30192	-1	-1	500000
30193	-1	-1	500000
30199	-1	-1	500000
30201	-1	-1	600000
30202	-1	-1	600000
30203	-1	-1	600000
30204	-1	-1	600000
30209	-1	-1	600000
30211	-1	-1	700000
30212	-1	-1	700000
30213	-1	-1	700000
30214	-1	-1	700000
30215	-1	-1	700000
30219	-1	-1	700000
30221	-1	-1	800000
30222	-1	-1	800000
30223	-1	-1	800000
30224	-1	-1	800000
30225	-1	-1	800000
30226	-1	-1	800000
30229	-1	-1	800000
30231	26361	26362	990000
30232	26361	26362	990000
30233	26361	26362	990000
30234	26361	26362	990000
30235	26361	26362	990000
30236	26361	26362	990000
30237	26361	26362	990000
30239	26361	26362	990000
30241	26371	26372	990000
30242	26371	26372	990000
30243	26371	26372	990000
30244	26371	26372	990000
30245	26371	26372	990000
30246	26371	26372	990000
30247	26371	26372	990000
30248	26371	26372	990000
30249	26371	26372	990000
30251	-1	-1	100000
30252	-1	-1	100000
30259	-1	-1	100000
30261	-1	-1	500000
30262	-1	-1	500000
30263	-1	-1	500000
30269	-1	-1	500000
30271	-1	-1	600000
30272	-1	-1	600000
30273	-1	-1	600000
30274	-1	-1	600000
30279	-1	-1	600000
30281	-1	-1	700000
30282	-1	-1	700000
30283	-1	-1	700000
30284	-1	-1	700000
30285	-1	-1	700000
30289	-1	-1	700000
30291	-1	-1	800000
30292	-1	-1	800000
30293	-1	-1	800000
30294	-1	-1	800000
30295	-1	-1	800000
30296	-1	-1	800000
30299	-1	-1	800000
30301	26581	26582	990000
30302	26581	26582	990000
30303	26581	26582	990000
30304	26581	26582	990000
30305	26581	26582	990000
30306	26581	26582	990000
30307	26581	26582	990000
30309	26581	26582	990000
30311	26591	26592	990000
30312	26591	26592	990000
30313	26591	26592	990000
30314	26591	26592	990000
30315	26591	26592	990000
30316	26591	26592	990000
30317	26591	26592	990000
30318	26591	26592	990000
30319	26591	26592	990000
30321	-1	-1	100000
30322	-1	-1	100000
30329	-1	-1	100000
30331	-1	-1	500000
30332	-1	-1	500000
30333	-1	-1	500000
30339	-1	-1	500000
30341	-1	-1	600000
30342	-1	-1	600000
30343	-1	-1	600000
30344	-1	-1	600000
30349	-1	-1	600000
30351	-1	-1	700000
30352	-1	-1	700000
30353	-1	-1	700000
30354	-1	-1	700000
30355	-1	-1	700000
30359	-1	-1	700000
30361	-1	-1	800000
30362	-1	-1	800000
30363	-1	-1	800000
30364	-1	-1	800000
30365	-1	-1	800000
30366	-1	-1	800000
30369	-1	-1	800000
30371	26661	26662	990000
30372	26661	26662	990000
30373	26661	26662	990000
30374	26661	26662	990000
30375	26661	26662	990000
30376	26661	26662	990000
30377	26661	26662	990000
30379	26661	26662	990000
30381	26671	26672	990000
30382	26671	26672	990000
30383	26671	26672	990000
30384	26671	26672	990000
30385	26671	26672	990000
30386	26671	26672	990000
30387	26671	26672	990000
30388	26671	26672	990000
30389	26671	26672	990000
30391	-1	-1	300000
30392	-1	-1	300000
30399	-1	-1	300000
30401	-1	-1	100000
30402	-1	-1	100000
30409	-1	-1	100000
30411	-1	-1	500000
30412	-1	-1	500000
30413	-1	-1	500000
30419	-1	-1	500000
30421	-1	-1	600000
30422	-1	-1	600000
30423	-1	-1	600000
30424	-1	-1	600000
30429	-1	-1	600000
30431	-1	-1	700000
30432	-1	-1	700000
30433	-1	-1	700000
30434	-1	-1	700000
30435	-1	-1	700000
30439	-1	-1	700000
30441	-1	-1	800000
30442	-1	-1	800000
30443	-1	-1	800000
30444	-1	-1	800000
30445	-1	-1	800000
30446	-1	-1	800000
30449	-1	-1	800000
30451	26601	26602	990000
30452	26601	26602	990000
30453	26601	26602	990000
30454	26601	26602	990000
30455	26601	26602	990000
30456	26601	26602	990000
30457	26601	26602	990000
30459	26601	26602	990000
30461	26611	26612	990000
30462	26611	26612	990000
30463	26611	26612	990000
30464	26611	26612	990000
30465	26611	26612	990000
30466	26611	26612	990000
30467	26611	26612	990000
30468	26611	26612	990000
30469	26611	26612	990000
30501	-1	-1	100000
30502	-1	-1	100000
30509	-1	-1	100000
30511	-1	-1	500000
30512	-1	-1	500000
30513	-1	-1	500000
30519	-1	-1	500000
30521	-1	-1	600000
30522	-1	-1	600000
30523	-1	-1	600000
30524	-1	-1	600000
30529	-1	-1	600000
30531	-1	-1	700000
30532	-1	-1	700000
30533	-1	-1	700000
30534	-1	-1	700000
30535	-1	-1	700000
30539	-1	-1	700000
30541	-1	-1	800000
30542	-1	-1	800000
30543	-1	-1	800000
30544	-1	-1	800000
30545	-1	-1	800000
30546	-1	-1	800000
30549	-1	-1	800000
30551	26581	26582	990000
30552	26581	26582	990000
30553	26581	26582	990000
30554	26581	26582	990000
30555	26581	26582	990000
30556	26581	26582	990000
30557	26581	26582	990000
30559	26581	26582	990000
30561	26591	26592	990000
30562	26591	26592	990000
30563	26591	26592	990000
30564	26591	26592	990000
30565	26591	26592	990000
30566	26591	26592	990000
30567	26591	26592	990000
30568	26591	26592	990000
30569	26591	26592	990000
30571	-1	-1	100000
30572	-1	-1	100000
30579	-1	-1	100000
30581	-1	-1	500000
30582	-1	-1	500000
30583	-1	-1	500000
30589	-1	-1	500000
30591	-1	-1	600000
30592	-1	-1	600000
30593	-1	-1	600000
30594	-1	-1	600000
30599	-1	-1	600000
30601	-1	-1	700000
30602	-1	-1	700000
30603	-1	-1	700000
30604	-1	-1	700000
30605	-1	-1	700000
30609	-1	-1	700000
30611	-1	-1	800000
30612	-1	-1	800000
30613	-1	-1	800000
30614	-1	-1	800000
30615	-1	-1	800000
30616	-1	-1	800000
30619	-1	-1	800000
30621	26581	26582	990000
30622	26581	26582	990000
30623	26581	26582	990000
30624	26581	26582	990000
30625	26581	26582	990000
30626	26581	26582	990000
30627	26581	26582	990000
30629	26581	26582	990000
30631	26591	26592	990000
30632	26591	26592	990000
30633	26591	26592	990000
30634	26591	26592	990000
30635	26591	26592	990000
30636	26591	26592	990000
30637	26591	26592	990000
30638	26591	26592	990000
30639	26591	26592	990000
30641	26371	26372	990000
30649	26371	26372	990000
30651	-1	-1	100000
30652	-1	-1	100000
30659	-1	-1	100000
30661	-1	-1	500000
30662	-1	-1	500000
30663	-1	-1	500000
30669	-1	-1	500000
30671	-1	-1	600000
30672	-1	-1	600000
30673	-1	-1	600000
30674	-1	-1	600000
30679	-1	-1	600000
30681	-1	-1	700000
30682	-1	-1	700000
30683	-1	-1	700000
30684	-1	-1	700000
30685	-1	-1	700000
30689	-1	-1	700000
30691	-1	-1	800000
30692	-1	-1	800000
30693	-1	-1	800000
30694	-1	-1	800000
30695	-1	-1	800000
30696	-1	-1	800000
30699	-1	-1	800000
30701	26581	26582	990000
30702	26581	26582	990000
30703	26581	26582	990000
30704	26581	26582	990000
30705	26581	26582	990000
30706	26581	26582	990000
30707	26581	26582	990000
30709	26581	26582	990000
30711	26591	26592	990000
30712	26591	26592	990000
30713	26591	26592	990000
30714	26591	26592	990000
30715	26591	26592	990000
30716	26591	26592	990000
30717	26591	26592	990000
30718	26591	26592	990000
30719	26591	26592	990000
30721	26371	26372	990000
30729	26371	26372	990000
30731	-1	-1	300000
30732	-1	-1	300000
30741	-1	-1	100000
30742	-1	-1	100000
30749	-1	-1	100000
30751	-1	-1	500000
30752	-1	-1	500000
30753	-1	-1	500000
30759	-1	-1	500000
30761	-1	-1	600000
30762	-1	-1	600000
30763	-1	-1	600000
30764	-1	-1	600000
30769	-1	-1	600000
30771	-1	-1	700000
30772	-1	-1	700000
30773	-1	-1	700000
30774	-1	-1	700000
30775	-1	-1	700000
30779	-1	-1	700000
30781	-1	-1	800000
30782	-1	-1	800000
30783	-1	-1	800000
30784	-1	-1	800000
30785	-1	-1	800000
30786	-1	-1	800000
30789	-1	-1	800000
30791	26361	26362	990000
30792	26361	26362	990000
30793	26361	26362	990000
30794	26361	26362	990000
30795	26361	26362	990000
30796	26361	26362	990000
30797	26361	26362	990000
30799	26361	26362	990000
30801	26371	26372	990000
30802	26371	26372	990000
30803	26371	26372	990000
30804	26371	26372	990000
30805	26371	26372	990000
30806	26371	26372	990000
30807	26371	26372	990000
30808	26371	26372	990000
30809	26371	26372	990000
30811	-1	-1	100000
30812	-1	-1	100000
30819	-1	-1	100000
30821	-1	-1	500000
30822	-1	-1	500000
30823	-1	-1	500000
30829	-1	-1	500000
30831	-1	-1	600000
30832	-1	-1	600000
30833	-1	-1	600000
30834	-1	-1	600000
30839	-1	-1	600000
30841	-1	-1	700000
30842	-1	-1	700000
30843	-1	-1	700000
30844	-1	-1	700000
30845	-1	-1	700000
30849	-1	-1	700000
30851	-1	-1	800000
30852	-1	-1	800000
30853	-1	-1	800000
30854	-1	-1	800000
30855	-1	-1	800000
30856	-1	-1	800000
30859	-1	-1	800000
30861	26361	26362	990000
30862	26361	26362	990000
30863	26361	26362	990000
30864	26361	26362	990000
30865	26361	26362	990000
30866	26361	26362	990000
30867	26361	26362	990000
30869	26361	26362	990000
30871	26371	26372	990000
30872	26371	26372	990000
30873	26371	26372	990000
30874	26371	26372	990000
30875	26371	26372	990000
30876	26371	26372	990000
30877	26371	26372	990000
30878	26371	26372	990000
30879	26371	26372	990000
30881	-1	-1	100000
30882	-1	-1	100000
30889	-1	-1	100000
30891	-1	-1	500000
30892	-1	-1	500000
30893	-1	-1	500000
30899	-1	-1	500000
30901	-1	-1	600000
30902	-1	-1	600000
30903	-1	-1	600000
30904	-1	-1	600000
30909	-1	-1	600000
30911	-1	-1	700000
30912	-1	-1	700000
30913	-1	-1	700000
30914	-1	-1	700000
30915	-1	-1	700000
30919	-1	-1	700000
30921	-1	-1	800000
30922	-1	-1	800000
30923	-1	-1	800000
30924	-1	-1	800000
30925	-1	-1	800000
30926	-1	-1	800000
30929	-1	-1	800000
30931	26661	26662	990000
30932	26661	26662	990000
30933	26661	26662	990000
30934	26661	26662	990000
30935	26661	26662	990000
30936	26661	26662	990000
30937	26661	26662	990000
30939	26661	26662	990000
30941	26671	26672	990000
30942	26671	26672	990000
30943	26671	26672	990000
30944	26671	26672	990000
30945	26671	26672	990000
30946	26671	26672	990000
30947	26671	26672	990000
30948	26671	26672	990000
30949	26671	26672	990000
30951	-1	-1	100000
30952	-1	-1	100000
30959	-1	-1	100000
30961	-1	-1	500000
30962	-1	-1	500000
30963	-1	-1	500000
30969	-1	-1	500000
30971	-1	-1	600000
30972	-1	-1	600000
30973	-1	-1	600000
30974	-1	-1	600000
30979	-1	-1	600000
30981	-1	-1	700000
30982	-1	-1	700000
30983	-1	-1	700000
30984	-1	-1	700000
30985	-1	-1	700000
30989	-1	-1	700000
30991	-1	-1	800000
30992	-1	-1	800000
30993	-1	-1	800000
30994	-1	-1	800000
30995	-1	-1	800000
30996	-1	-1	800000
30999	-1	-1	800000
31001	26501	26502	990000
31002	26501	26502	990000
31003	26501	26502	990000
31004	26501	26502	990000
31005	26501	26502	990000
31006	26501	26502	990000
31007	26501	26502	990000
31009	26501	26502	990000
31011	26511	26512	990000
31012	26511	26512	990000
31013	26511	26512	990000
31014	26511	26512	990000
31015	26511	26512	990000
31016	26511	26512	990000
31017	26511	26512	990000
31018	26511	26512	990000
31019	26511	26512	990000
31021	-1	-1	100000
31022	-1	-1	100000
31029	-1	-1	100000
31031	-1	-1	500000
31032	-1	-1	500000
31033	-1	-1	500000
31039	-1	-1	500000
31041	-1	-1	600000
31042	-1	-1	600000
31043	-1	-1	600000
31044	-1	-1	600000
31049	-1	-1	600000
31051	-1	-1	700000
31052	-1	-1	700000
31053	-1	-1	700000
31054	-1	-1	700000
31055	-1	-1	700000
31059	-1	-1	700000
31061	-1	-1	800000
31062	-1	-1	800000
31063	-1	-1	800000
31064	-1	-1	800000
31065	-1	-1	800000
31066	-1	-1	800000
31069	-1	-1	800000
31071	26581	26582	990000
31072	26581	26582	990000
31073	26581	26582	990000
31074	26581	26582	990000
31075	26581	26582	990000
31076	26581	26582	990000
31077	26581	26582	990000
31079	26581	26582	990000
31081	26591	26592	990000
31082	26591	26592	990000
31083	26591	26592	990000
31084	26591	26592	990000
31085	26591	26592	990000
31086	26591	26592	990000
31087	26591	26592	990000
31088	26591	26592	990000
31089	26591	26592	990000
31091	-1	-1	100000
31092	-1	-1	100000
31099	-1	-1	100000
31101	-1	-1	500000
31102	-1	-1	500000
31103	-1	-1	500000
31109	-1	-1	500000
31111	-1	-1	600000
31112	-1	-1	600000
31113	-1	-1	600000
31114	-1	-1	600000
31119	-1	-1	600000
31121	-1	-1	700000
31122	-1	-1	700000
31123	-1	-1	700000
31124	-1	-1	700000
31125	-1	-1	700000
31129	-1	-1	700000
31131	-1	-1	800000
31132	-1	-1	800000
31133	-1	-1	800000
31134	-1	-1	800000
31135	-1	-1	800000
31136	-1	-1	800000
31139	-1	-1	800000
31141	26601	26602	990000
31142	26601	26602	990000
31143	26601	26602	990000
31144	26601	26602	990000
31145	26601	26602	990000
31146	26601	26602	990000
31147	26601	26602	990000
31149	26601	26602	990000
31151	26601	26602	990000
31152	26611	26612	990000
31153	26611	26612	990000
31154	26611	26612	990000
31155	26611	26612	990000
31156	26611	26612	990000
31157	26611	26612	990000
31158	26611	26612	990000
31159	26611	26612	990000
31161	-1	-1	100000
31162	-1	-1	100000
31169	-1	-1	100000
31171	-1	-1	500000
31172	-1	-1	500000
31173	-1	-1	500000
31179	-1	-1	500000
31181	-1	-1	600000
31182	-1	-1	600000
31183	-1	-1	600000
31184	-1	-1	600000
31189	-1	-1	600000
31191	-1	-1	700000
31192	-1	-1	700000
31193	-1	-1	700000
31194	-1	-1	700000
31195	-1	-1	700000
31199	-1	-1	700000
31201	-1	-1	800000
31202	-1	-1	800000
31203	-1	-1	800000
31204	-1	-1	800000
31205	-1	-1	800000
31206	-1	-1	800000
31209	-1	-1	800000
31211	26501	26502	990000
31212	26501	26502	990000
31213	26501	26502	990000
31214	26501	26502	990000
31215	26501	26502	990000
31216	26501	26502	990000
31217	26501	26502	990000
31219	26501	26502	990000
31221	26511	26512	990000
31222	26511	26512	990000
31223	26511	26512	990000
31224	26511	26512	990000
31225	26511	26512	990000
31226	26511	26512	990000
31227	26511	26512	990000
31228	26511	26512	990000
31229	26511	26512	990000
31231	-1	-1	100000
31232	-1	-1	100000
31239	-1	-1	100000
31241	-1	-1	500000
31242	-1	-1	500000
31243	-1	-1	500000
31249	-1	-1	500000
31251	-1	-1	600000
31252	-1	-1	600000
31253	-1	-1	600000
31254	-1	-1	600000
31259	-1	-1	600000
31261	-1	-1	700000
31262	-1	-1	700000
31263	-1	-1	700000
31264	-1	-1	700000
31265	-1	-1	700000
31269	-1	-1	700000
31271	-1	-1	800000
31272	-1	-1	800000
31273	-1	-1	800000
31274	-1	-1	800000
31275	-1	-1	800000
31276	-1	-1	800000
31279	-1	-1	800000
31281	26501	26502	990000
31282	26501	26502	990000
31283	26501	26502	990000
31284	26501	26502	990000
31285	26501	26502	990000
31286	26501	26502	990000
31287	26501	26502	990000
31289	26501	26502	990000
31291	26511	26512	990000
31292	26511	26512	990000
31293	26511	26512	990000
31294	26511	26512	990000
31295	26511	26512	990000
31296	26511	26512	990000
31297	26511	26512	990000
31298	26511	26512	990000
31299	26511	26512	990000
31301	26591	26592	990000
31302	26591	26592	990000
31303	26591	26592	990000
31304	26591	26592	990000
31305	26591	26592	990000
31306	26591	26592	990000
31307	26591	26592	990000
31308	26591	26592	990000
31309	26591	26592	990000
31311	-1	-1	100000
31312	-1	-1	100000
31319	-1	-1	100000
31321	-1	-1	500000
31322	-1	-1	500000
31323	-1	-1	500000
31329	-1	-1	500000
31331	-1	-1	600000
31332	-1	-1	600000
31333	-1	-1	600000
31334	-1	-1	600000
31339	-1	-1	600000
31341	-1	-1	700000
31342	-1	-1	700000
31343	-1	-1	700000
31344	-1	-1	700000
31345	-1	-1	700000
31349	-1	-1	700000
31351	-1	-1	800000
31352	-1	-1	800000
31353	-1	-1	800000
31354	-1	-1	800000
31355	-1	-1	800000
31356	-1	-1	800000
31359	-1	-1	800000
31361	26601	26602	990000
31362	26601	26602	990000
31363	26601	26602	990000
31364	26601	26602	990000
31365	26601	26602	990000
31366	26601	26602	990000
31367	26601	26602	990000
31369	26601	26602	990000
31371	26601	26602	990000
31372	26611	26612	990000
31373	26611	26612	990000
31374	26611	26612	990000
31375	26611	26612	990000
31376	26611	26612	990000
31377	26611	26612	990000
31378	26611	26612	990000
31379	26611	26612	990000
31380	25901	25902	990000
31391	-1	-1	100000
31392	-1	-1	100000
31399	-1	-1	100000
31401	-1	-1	500000
31402	-1	-1	500000
31403	-1	-1	500000
31409	-1	-1	500000
31411	-1	-1	600000
31412	-1	-1	600000
31413	-1	-1	600000
31414	-1	-1	600000
31419	-1	-1	600000
31421	-1	-1	700000
31422	-1	-1	700000
31423	-1	-1	700000
31424	-1	-1	700000
31425	-1	-1	700000
31429	-1	-1	700000
31431	-1	-1	800000
31432	-1	-1	800000
31433	-1	-1	800000
31434	-1	-1	800000
31435	-1	-1	800000
31436	-1	-1	800000
31439	-1	-1	800000
31441	26581	26582	990000
31442	26581	26582	990000
31443	26581	26582	990000
31444	26581	26582	990000
31445	26581	26582	990000
31446	26581	26582	990000
31447	26581	26582	990000
31449	26581	26582	990000
31451	26591	26592	990000
31452	26591	26592	990000
31453	26591	26592	990000
31454	26591	26592	990000
31455	26591	26592	990000
31456	26591	26592	990000
31457	26591	26592	990000
31458	26591	26592	990000
31459	26591	26592	990000
34181	-1	-1	100000
34182	-1	-1	100000
34189	-1	-1	100000
34191	-1	-1	500000
34192	-1	-1	500000
34193	-1	-1	500000
34199	-1	-1	500000
34201	-1	-1	600000
34202	-1	-1	600000
34203	-1	-1	600000
34204	-1	-1	600000
34209	-1	-1	600000
34211	-1	-1	700000
34212	-1	-1	700000
34213	-1	-1	700000
34214	-1	-1	700000
34215	-1	-1	700000
34219	-1	-1	700000
34221	-1	-1	800000
34222	-1	-1	800000
34223	-1	-1	800000
34224	-1	-1	800000
34225	-1	-1	800000
34226	-1	-1	800000
34229	-1	-1	800000
34231	26361	26362	990000
34232	26361	26362	990000
34233	26361	26362	990000
34234	26361	26362	990000
34235	26361	26362	990000
34236	26361	26362	990000
34237	26361	26362	990000
34239	26361	26362	990000
34241	26371	26372	990000
34242	26371	26372	990000
34243	26371	26372	990000
34244	26371	26372	990000
34245	26371	26372	990000
34246	26371	26372	990000
34247	26371	26372	990000
34248	26371	26372	990000
34249	26371	26372	990000
34251	-1	-1	100000
34252	-1	-1	100000
34259	-1	-1	100000
34261	-1	-1	500000
34262	-1	-1	500000
34263	-1	-1	500000
34269	-1	-1	500000
34271	-1	-1	600000
34272	-1	-1	600000
34273	-1	-1	600000
34274	-1	-1	600000
34279	-1	-1	600000
34281	-1	-1	700000
34282	-1	-1	700000
34283	-1	-1	700000
34284	-1	-1	700000
34285	-1	-1	700000
34289	-1	-1	700000
34291	-1	-1	800000
34292	-1	-1	800000
34293	-1	-1	800000
34294	-1	-1	800000
34295	-1	-1	800000
34296	-1	-1	800000
34299	-1	-1	800000
34301	26361	26362	990000
34302	26361	26362	990000
34303	26361	26362	990000
34304	26361	26362	990000
34305	26361	26362	990000
34306	26361	26362	990000
34307	26361	26362	990000
34309	26361	26362	990000
34311	26371	26372	990000
34312	26371	26372	990000
34313	26371	26372	990000
34314	26371	26372	990000
34315	26371	26372	990000
34316	26371	26372	990000
34317	26371	26372	990000
34318	26371	26372	990000
34319	26371	26372	990000
34321	-1	-1	100000
34322	-1	-1	100000
34329	-1	-1	100000
34331	-1	-1	500000
34332	-1	-1	500000
34333	-1	-1	500000
34339	-1	-1	500000
34341	-1	-1	600000
34342	-1	-1	600000
34343	-1	-1	600000
34344	-1	-1	600000
34349	-1	-1	600000
34351	-1	-1	700000
34352	-1	-1	700000
34353	-1	-1	700000
34354	-1	-1	700000
34355	-1	-1	700000
34359	-1	-1	700000
34361	-1	-1	800000
34362	-1	-1	800000
34363	-1	-1	800000
34364	-1	-1	800000
34365	-1	-1	800000
34366	-1	-1	800000
34369	-1	-1	800000
34371	25341	25342	990000
34372	25341	25342	990000
34373	25341	25342	990000
34374	25341	25342	990000
34375	25341	25342	990000
34376	25341	25342	990000
34377	25341	25342	990000
34379	25341	25342	990000
34381	25651	25652	990000
34382	25651	25652	990000
34383	25651	25652	990000
34384	25651	25652	990000
34385	25651	25652	990000
34386	25651	25652	990000
34387	25651	25652	990000
34388	25651	25652	990000
34389	25651	25652	990000
34391	-1	-1	100000
34392	-1	-1	100000
34399	-1	-1	100000
34401	-1	-1	500000
34402	-1	-1	500000
34403	-1	-1	500000
34409	-1	-1	500000
34411	-1	-1	600000
34412	-1	-1	600000
34413	-1	-1	600000
34414	-1	-1	600000
34419	-1	-1	600000
34421	-1	-1	700000
34422	-1	-1	700000
34423	-1	-1	700000
34424	-1	-1	700000
34425	-1	-1	700000
34429	-1	-1	700000
34431	-1	-1	800000
34432	-1	-1	800000
34433	-1	-1	800000
34434	-1	-1	800000
34435	-1	-1	800000
34436	-1	-1	800000
34439	-1	-1	800000
34441	26331	26332	990000
34442	26331	26332	990000
34443	26331	26332	990000
34444	26331	26332	990000
34445	26331	26332	990000
34446	26331	26332	990000
34447	26331	26332	990000
34449	26331	26332	990000
34451	25921	25922	990000
34452	25921	25922	990000
34453	25921	25922	990000
34454	25921	25922	990000
34455	25921	25922	990000
34456	25921	25922	990000
34457	25921	25922	990000
34458	25921	25922	990000
34459	25921	25922	990000
34461	-1	-1	100000
34462	-1	-1	100000
34469	-1	-1	100000
34471	-1	-1	500000
34472	-1	-1	500000
34473	-1	-1	500000
34479	-1	-1	500000
34481	-1	-1	600000
34482	-1	-1	600000
34483	-1	-1	600000
34484	-1	-1	600000
34489	-1	-1	600000
34491	-1	-1	700000
34492	-1	-1	700000
34493	-1	-1	700000
34494	-1	-1	700000
34495	-1	-1	700000
34499	-1	-1	700000
34501	-1	-1	800000
34502	-1	-1	800000
34503	-1	-1	800000
34504	-1	-1	800000
34505	-1	-1	800000
34506	-1	-1	800000
34509	-1	-1	800000
34511	25341	25342	990000
34512	25341	25342	990000
34513	25341	25342	990000
34514	25341	25342	990000
34515	25341	25342	990000
34516	25341	25342	990000
34517	25341	25342	990000
34519	25341	25342	990000
34521	25651	25652	990000
34522	25651	25652	990000
34523	25651	25652	990000
34524	25651	25652	990000
34525	25651	25652	990000
34526	25651	25652	990000
34527	25651	25652	990000
34528	25651	25652	990000
34529	25651	25652	990000
