INT	INT	INT	INT	INT	FLOAT	FLOAT	INT	INT	FLOAT	INT	INT	INT	STRING	INT	INT	INT	INT	INT	INT	INT	INT	INT	INT	INT	INT	INT	INT	INT	INT	STRING	INT	INT	INT	INT	INT	STRING	INT	INT	INT	INT	INT	STRING	INT	INT	INT	INT	INT	STRING	INT	INT	INT	INT	INT	STRING	INT	INT	INT	INT	INT	STRING	INT	INT	INT	INT	INT	STRING	INT	INT	INT	INT	INT	STRING	INT	INT	INT	INT	INT	STRING	INT	INT	INT	INT	INT	STRING	INT	INT	INT	INT	INT	STRING	INT	INT	INT	INT	INT	STRING	INT	INT	INT	INT	INT	STRING	INT	INT	INT	INT	INT	STRING	INT	INT	INT	INT	INT	STRING	INT	INT	INT	INT	INT	STRING	INT	INT	INT	INT	INT	STRING	INT	INT	INT	INT	INT	STRING	INT	INT	INT	INT	INT	STRING	INT	INT	INT	INT	INT	STRING	INT	INT	INT	INT	INT	STRING	INT	INT	INT	INT	INT	STRING	INT	INT	INT	INT	INT	STRING	INT	INT	INT	INT	INT	STRING	INT	INT	INT	INT	INT	STRING	INT	INT	INT	INT	INT	STRING	INT	INT	INT	INT	INT	STRING	INT	INT	INT	INT	INT	STRING	INT	INT	INT	INT	INT	STRING	INT	INT	INT	INT	INT	STRING	INT	INT	INT	INT	INT	STRING	INT	INT	INT	INT	INT	STRING	INT	INT	INT	INT	INT	STRING	INT	INT	INT	INT	INT	STRING	INT	INT	INT	INT	INT	STRING	INT	INT	INT	INT	INT	STRING	INT	INT	INT	INT	INT	STRING	INT	INT	INT	INT	INT	STRING	INT	INT	INT	INT	INT	STRING	INT	INT	INT	INT	INT	STRING	INT	INT	INT	INT	INT	STRING	INT	INT	INT	INT	INT	STRING	INT	INT	INT	INT	INT	STRING	INT	INT	INT	INT	INT	STRING	INT	INT	INT	INT	INT	STRING	INT	INT	INT	INT	INT	STRING	INT	INT	INT	INT	INT	STRING	INT	INT	INT	INT	INT	STRING	INT	INT	INT	INT	INT	STRING	INT	INT	INT	INT	INT	STRING
Index	修理等级	收购等级	RepairType(修理类型)	收购类型	修理花费	修理成功几率	货币单位(1代表金币，2代表善恶值，4，帮贡，3代表师德点，5元宝，6赠点，7师门贡献度，8代表交子)	能否回购	Scale(价格系数)	Time(刷新时间)	Num(商品数量)	是否随机商店	随机商店配置文件路径	是否能够购买多个物品	是否随机排序	是否受杀气值影响	杀气折扣(-3)	杀气折扣(-2)	杀气折扣(-1)	杀气折扣(0)	杀气折扣(1)	杀气折扣(2)	杀气折扣(3)	杀气折扣(4)	PID(商品编号1)	PNUM(每组多少个)	PMAX(有限商品的数量上限)	商品1价格	商品折扣	商品颜色	PID(商品编号2)	PNUM(每组多少个)	PMAX(有限商品的数量上限)	商品2价格	商品折扣	商品颜色	PID(商品编号3)	PNUM(每组多少个)	PMAX(有限商品的数量上限)	商品3价格	商品折扣	商品颜色	PID(商品编号4)	PNUM(每组多少个)	PMAX(有限商品的数量上限)	商品4价格	商品折扣	商品颜色	PID(商品编号5)	PNUM(每组多少个)	PMAX(有限商品的数量上限)	商品5价格	商品折扣	商品颜色	PID(商品编号6)	PNUM(每组多少个)	PMAX(有限商品的数量上限)	商品6价格	商品折扣	商品颜色	PID(商品编号7)	PNUM(每组多少个)	PMAX(有限商品的数量上限)	商品7价格	商品折扣	商品颜色	PID(商品编号8)	PNUM(每组多少个)	PMAX(有限商品的数量上限)	商品8价格	商品折扣	商品颜色	PID(商品编号9)	PNUM(每组多少个)	PMAX(有限商品的数量上限)	商品9价格	商品折扣	商品颜色	PID(商品编号10)	PNUM(每组多少个)	PMAX(有限商品的数量上限)	商品10价格	商品折扣	商品颜色	PID(商品编号11)	PNUM(每组多少个)	PMAX(有限商品的数量上限)	商品11价格	商品折扣	商品颜色	PID(商品编号12)	PNUM(每组多少个)	PMAX(有限商品的数量上限)	商品12价格	商品折扣	商品颜色	PID(商品编号13)	PNUM(每组多少个)	PMAX(有限商品的数量上限)	商品13价格	商品折扣	商品颜色	PID(商品编号14)	PNUM(每组多少个)	PMAX(有限商品的数量上限)	商品14价格	商品折扣	商品颜色	PID(商品编号15)	PNUM(每组多少个)	PMAX(有限商品的数量上限)	商品15价格	商品折扣	商品颜色	PID(商品编号16)	PNUM(每组多少个)	PMAX(有限商品的数量上限)	商品16价格	商品折扣	商品颜色	PID(商品编号17)	PNUM(每组多少个)	PMAX(有限商品的数量上限)	商品17价格	商品折扣	商品颜色	PID(商品编号18)	PNUM(每组多少个)	PMAX(有限商品的数量上限)	商品18价格	商品折扣	商品颜色	PID(商品编号19)	PNUM(每组多少个)	PMAX(有限商品的数量上限)	商品19价格	商品折扣	商品颜色	PID(商品编号20)	PNUM(每组多少个)	PMAX(有限商品的数量上限)	商品20价格	商品折扣	商品颜色	PID(商品编号21)	PNUM(每组多少个)	PMAX(有限商品的数量上限)	商品21价格	商品折扣	商品颜色	PID(商品编号22)	PNUM(每组多少个)	PMAX(有限商品的数量上限)	商品22价格	商品折扣	商品颜色	PID(商品编号23)	PNUM(每组多少个)	PMAX(有限商品的数量上限)	商品23价格	商品折扣	商品颜色	PID(商品编号24)	PNUM(每组多少个)	PMAX(有限商品的数量上限)	商品24价格	商品折扣	商品颜色	PID(商品编号25)	PNUM(每组多少个)	PMAX(有限商品的数量上限)	商品25价格	商品折扣	商品颜色	PID(商品编号26)	PNUM(每组多少个)	PMAX(有限商品的数量上限)	商品26价格	商品折扣	商品颜色	PID(商品编号27)	PNUM(每组多少个)	PMAX(有限商品的数量上限)	商品27价格	商品折扣	商品颜色	PID(商品编号28)	PNUM(每组多少个)	PMAX(有限商品的数量上限)	商品28价格	商品折扣	商品颜色	PID(商品编号29)	PNUM(每组多少个)	PMAX(有限商品的数量上限)	商品29价格	商品折扣	商品颜色	PID(商品编号30)	PNUM(每组多少个)	PMAX(有限商品的数量上限)	商品30价格	商品折扣	商品颜色	PID(商品编号31)	PNUM(每组多少个)	PMAX(有限商品的数量上限)	商品31价格	商品折扣	商品颜色	PID(商品编号32)	PNUM(每组多少个)	PMAX(有限商品的数量上限)	商品32价格	商品折扣	商品颜色	PID(商品编号33)	PNUM(每组多少个)	PMAX(有限商品的数量上限)	商品33价格	商品折扣	商品颜色	PID(商品编号34)	PNUM(每组多少个)	PMAX(有限商品的数量上限)	商品34价格	商品折扣	商品颜色	PID(商品编号35)	PNUM(每组多少个)	PMAX(有限商品的数量上限)	商品35价格	商品折扣	商品颜色	PID(商品编号36)	PNUM(每组多少个)	PMAX(有限商品的数量上限)	商品36价格	商品折扣	商品颜色	PID(商品编号37)	PNUM(每组多少个)	PMAX(有限商品的数量上限)	商品37价格	商品折扣	商品颜色	PID(商品编号38)	PNUM(每组多少个)	PMAX(有限商品的数量上限)	商品38价格	商品折扣	商品颜色	PID(商品编号39)	PNUM(每组多少个)	PMAX(有限商品的数量上限)	商品39价格	商品折扣	商品颜色	PID(商品编号40)	PNUM(每组多少个)	PMAX(有限商品的数量上限)	商品40价格	商品折扣	商品颜色	PID(商品编号41)	PNUM(每组多少个)	PMAX(有限商品的数量上限)	商品41价格	商品折扣	商品颜色	PID(商品编号42)	PNUM(每组多少个)	PMAX(有限商品的数量上限)	商品42价格	商品折扣	商品颜色	PID(商品编号43)	PNUM(每组多少个)	PMAX(有限商品的数量上限)	商品43价格	商品折扣	商品颜色	PID(商品编号44)	PNUM(每组多少个)	PMAX(有限商品的数量上限)	商品44价格	商品折扣	商品颜色	PID(商品编号45)	PNUM(每组多少个)	PMAX(有限商品的数量上限)	商品45价格	商品折扣	商品颜色	PID(商品编号46)	PNUM(每组多少个)	PMAX(有限商品的数量上限)	商品46价格	商品折扣	商品颜色	PID(商品编号47)	PNUM(每组多少个)	PMAX(有限商品的数量上限)	商品47价格	商品折扣	商品颜色	PID(商品编号48)	PNUM(每组多少个)	PMAX(有限商品的数量上限)	商品48价格	商品折扣	商品颜色	PID(商品编号49)	PNUM(每组多少个)	PMAX(有限商品的数量上限)	商品49价格	商品折扣	商品颜色	PID(商品编号50)	PNUM(每组多少个)	PMAX(有限商品的数量上限)	商品50价格	商品折扣	商品颜色
#潇湘天龙八部综合修改工具 QQ群923288704 潇湘QQ1400003003																																																																																																																																																																																																																																																																																																																																				
1	40	120	1	9	1	1	1	1	1	100000	50	0		0	0	0	96	97	98	100	200	300	400	500	30506001	1	-1	100	100		10100000	1	-1	100	100		10100001	1	-1	100	100		10101000	1	-1	100	100		10101001	1	-1	100	100		10102000	1	-1	100	100		10102001	1	-1	100	100		10103000	1	-1	100	100		10103001	1	-1	100	100		10104000	1	-1	100	100		10104001	1	-1	100	100		10105000	1	-1	100	100		10105001	1	-1	100	100		
2	40	120	1	9	1	1	1	1	1	100000	50	0		0	0	0	96	97	98	100	200	300	400	500	30507001	1	-1	100	100		10110001	1	-1	100	100		10110002	1	-1	100	100		10110003	1	-1	100	100		10111001	1	-1	100	100		10111002	1	-1	100	100		10111003	1	-1	100	100		10112001	1	-1	100	100		10112002	1	-1	100	100		10112003	1	-1	100	100		10113001	1	-1	100	100		10113002	1	-1	100	100		10113003	1	-1	100	100		30507011	1	-1	100	100		30507021	1	-1	100	100		30507031	1	-1	100	100		
3	40	120	1	9	1	1	1	1	1	100000	50	0		0	0	0	96	97	98	100	200	300	400	500	10120001	1	-1	100	100		10121001	1	-1	100	100		10122001	1	-1	100	100		30508001	1	-1	100	100		
4	40	120	1	9	1	1	8	1	1	100000	50	0		1	0	0	96	97	98	100	200	300	400	500	30101031	1	-1	100	100		30101032	1	-1	100	100		30101033	1	-1	100	100		30101034	1	-1	100	100		30101035	1	-1	100	100		30101036	1	-1	100	100		30101037	1	-1	100	100		30101038	1	-1	100	100		30101039	1	-1	100	100		30101040	1	-1	100	100		30101041	1	-1	100	100		30101042	1	-1	100	100		30101043	1	-1	100	100		30101044	1	-1	100	100		30101045	1	-1	100	100		30101046	1	-1	100	100		30101047	1	-1	100	100		30101048	1	-1	100	100		30101049	1	-1	100	100		30101050	1	-1	100	100		30001001	1	-1	100	100		30001002	1	-1	100	100		30002001	1	-1	100	100		30002002	1	-1	100	100		30003001	1	-1	100	100		30003002	1	-1	100	100		30303001	1	-1	100	100		30303051	1	-1	100	100		0	1	-1	100	100		0	1	-1	100	100		0	1	-1	100	100		0	1	-1	100	100		0	1	-1	100	100		0	1	-1	100	100		0	1	-1	100	100		0	1	-1	100	100		0	1	-1	100	100		0	1	-1	100	100		0	1	-1	100	100		0	1	-1	100	100		0	1	-1	100	100		0	1	-1	100	100		0	1	-1	100	100		0	1	-1	100	100		0	1	-1	100	100		0	1	-1	100	100		0	1	-1	100	100		0	1	-1	100	100		0	1	-1	100	100		
5	40	120	1	9	1	1	8	1	1	100000	50	0		1	0	0	96	97	98	100	200	300	400	500	30101031	1	-1	100	100		30101032	1	-1	100	100		30101041	1	-1	100	100		30101042	1	-1	100	100		30304030	1	-1	100	100		30304031	1	-1	100	100		30304036	1	-1	100	100		0	1	-1	100	100		0	1	-1	100	100		0	1	-1	100	100		0	1	-1	100	100		0	1	-1	100	100		0	1	-1	100	100		0	1	-1	100	100		0	1	-1	100	100		0	1	-1	100	100		0	1	-1	100	100		0	1	-1	100	100		0	1	-1	100	100		0	1	-1	100	100		0	1	-1	100	100		0	1	-1	100	100		0	1	-1	100	100		0	1	-1	100	100		0	1	-1	100	100		0	1	-1	100	100		0	1	-1	100	100		0	1	-1	100	100		0	1	-1	100	100		0	1	-1	100	100		0	1	-1	100	100		0	1	-1	100	100		0	1	-1	100	100		0	1	-1	100	100		0	1	-1	100	100		0	1	-1	100	100		0	1	-1	100	100		0	1	-1	100	100		0	1	-1	100	100		0	1	-1	100	100		0	1	-1	100	100		0	1	-1	100	100		0	1	-1	100	100		0	1	-1	100	100		0	1	-1	100	100		0	1	-1	100	100		0	1	-1	100	100		0	1	-1	100	100		0	1	-1	100	100		
6	40	120	1	9	1	1	1	1	1	100000	50	0		1	0	0	96	97	98	100	200	300	400	500	30501106	1	-1	100	100		10100031	1	-1	100	100		10102012	1	-1	100	100		10102013	1	-1	100	100		30008010	1	-1	100	100		
7	40	120	1	9	1	1	1	1	1	100000	50	0		1	0	0	96	97	98	100	200	300	400	500	30602001	1	-1	100	100		30602002	1	-1	100	100		30603001	1	-1	100	100		30603002	1	-1	100	100		30604001	1	-1	100	100		30604002	1	-1	100	100		30605001	1	-1	100	100		30605002	1	-1	100	100		30601001	1	-1	100	100		
8	40	120	1	9	1	1	1	1	1	1500000	50	0		0	1	0	96	97	98	100	200	300	400	500	20101001	1	20	100	100		20101002	1	20	100	100		20101003	1	20	100	100		20101004	1	20	100	100		20101005	1	20	100	100		20103001	1	20	100	100		20103002	1	20	100	100		20104001	1	20	100	100		20104002	1	20	100	100		20105001	1	20	100	100		20105002	1	20	100	100		20304005	1	20	100	100		20304006	1	20	100	100		20107001	1	20	100	100		20107002	1	20	100	100		
9	40	0	1	9	1	1	1	0	1	100000	50	0		0	0	0	96	97	98	100	200	300	400	500	30505023	1	-1	100	100		30505024	1	-1	100	100		30505025	1	-1	100	100		30505026	1	-1	100	100		
10	40	120	1	9	1	1	1	1	1	200000	50	0		1	0	0	96	97	98	100	200	300	400	500	
11	40	120	1	9	1	1	1	1	1	100000	50	0		0	0	0	96	97	98	100	200	300	400	500	20103061	1	-1	10000	100	#G	20103062	1	-1	10000	100	#G	20103063	1	-1	10000	100	#G	20103064	1	-1	10000	100	#G	20103065	1	-1	10000	100	#G	20103066	1	-1	10000	100	#G	20103067	1	-1	10000	100	#G	20103068	1	-1	10000	100	#G	20103069	1	-1	10000	100	#G	20103070	1	-1	10000	100	#G	20103071	1	-1	10000	100	#G	20103072	1	-1	10000	100	#G	20103073	1	-1	10000	100	#G	20103074	1	-1	10000	100	#G	20103075	1	-1	10000	100	#G	20103076	1	-1	10000	100	#G	20103077	1	-1	10000	100	#G	20103078	1	-1	10000	100	#G	20103079	1	-1	10000	100	#G	20103080	1	-1	10000	100	#G	20103081	1	-1	10000	100	#G	20103082	1	-1	10000	100	#G	20103083	1	-1	10000	100	#G	20103084	1	-1	10000	100	#G	20103085	1	-1	10000	100	#G	20103086	1	-1	10000	100	#G	20103087	1	-1	10000	100	#G	20103088	1	-1	10000	100	#G	20103089	1	-1	10000	100	#G	20103090	1	-1	10000	100	#G	20103091	1	-1	10000	100	#G	20103092	1	-1	10000	100	#G	20103093	1	-1	10000	100	#G	20103094	1	-1	10000	100	#G	20103095	1	-1	10000	100	#G	20103096	1	-1	10000	100	#G	
12	40	120	1	9	1	1	1	1	1	100000	50	0		0	0	0	96	97	98	100	200	300	400	500	30008002	1	-1	10000	100	#G	
13	40	120	1	9	1	1	1	1	1	100000	50	0		0	0	0	96	97	98	100	200	300	400	500	10120002	1	-1	100	100		10120003	1	-1	100	100		10121002	1	-1	100	100		10121003	1	-1	100	100		10122002	1	-1	100	100		10122003	1	-1	100	100		30508001	1	-1	100	100		30508011	1	-1	100	100		30508021	1	-1	100	100		30302002	1	-1	100	100		30302012	1	-1	100	100		30302022	1	-1	100	100		30302003	1	-1	100	100		30302013	1	-1	100	100		30302023	1	-1	100	100		0	1	-1	100	100		0	1	-1	100	100		0	1	-1	100	100		0	1	-1	100	100		0	1	-1	100	100		0	1	-1	100	100		0	1	-1	100	100		0	1	-1	100	100		0	1	-1	100	100		0	1	-1	100	100		0	1	-1	100	100		0	1	-1	100	100		0	1	-1	100	100		0	1	-1	100	100		0	1	-1	100	100		0	1	-1	100	100		0	1	-1	100	100		0	1	-1	100	100		0	1	-1	100	100		0	1	-1	100	100		0	1	-1	100	100		0	1	-1	100	100		0	1	-1	100	100		0	1	-1	100	100		0	1	-1	100	100		0	1	-1	100	100		0	1	-1	100	100		0	1	-1	100	100		0	1	-1	100	100		0	1	-1	100	100		0	1	-1	100	100		0	1	-1	100	100		0	1	-1	100	100		0	1	-1	100	100		
14	40	120	1	9	1	1	8	1	1	100000	50	0		1	0	0	96	97	98	100	200	300	400	500	30001001	1	-1	100	100		30001002	1	-1	100	100		30001003	1	-1	100	100		30002001	1	-1	100	100		30002002	1	-1	100	100		30002003	1	-1	100	100		30003001	1	-1	100	100		30003002	1	-1	100	100		30003003	1	-1	100	100		30101031	1	-1	100	100		30101032	1	-1	100	100		30101033	1	-1	100	100		30101034	1	-1	100	100		30101035	1	-1	100	100		30101036	1	-1	100	100		30101037	1	-1	100	100		30101038	1	-1	100	100		30101039	1	-1	100	100		30101040	1	-1	100	100		30101041	1	-1	100	100		30101042	1	-1	100	100		30101043	1	-1	100	100		30101044	1	-1	100	100		30101045	1	-1	100	100		30101046	1	-1	100	100		30101047	1	-1	100	100		30101048	1	-1	100	100		30101049	1	-1	100	100		30101050	1	-1	100	100		30303051	1	-1	100	100		30303052	1	-1	100	100		30303053	1	-1	100	100		30303001	1	-1	100	100		30303002	1	-1	100	100		30303003	1	-1	100	100		0	1	-1	100	100		0	1	-1	100	100		0	1	-1	100	100		0	1	-1	100	100		0	1	-1	100	100		0	1	-1	100	100		0	1	-1	100	100		0	1	-1	100	100		0	1	-1	100	100		0	1	-1	100	100		0	1	-1	100	100		0	1	-1	100	100		0	1	-1	100	100		0	1	-1	100	100		
15	40	120	1	9	1	1	8	1	1	100000	50	0		1	0	0	96	97	98	100	200	300	400	500	30101031	1	-1	100	100		30101032	1	-1	100	100		30101033	1	-1	100	100		30101034	1	-1	100	100		30101035	1	-1	100	100		30101036	1	-1	100	100		30101037	1	-1	100	100		30101038	1	-1	100	100		30101039	1	-1	100	100		30101040	1	-1	100	100		30101041	1	-1	100	100		30101042	1	-1	100	100		30101043	1	-1	100	100		30101044	1	-1	100	100		30101045	1	-1	100	100		30101046	1	-1	100	100		30101047	1	-1	100	100		30101048	1	-1	100	100		30101049	1	-1	100	100		30101050	1	-1	100	100		30304030	1	-1	100	100		30304031	1	-1	100	100		30304032	1	-1	100	100		30304033	1	-1	100	100		30304036	1	-1	100	100		30304037	1	-1	100	100		0	1	-1	100	100		0	1	-1	100	100		0	1	-1	100	100		0	1	-1	100	100		0	1	-1	100	100		0	1	-1	100	100		0	1	-1	100	100		0	1	-1	100	100		0	1	-1	100	100		0	1	-1	100	100		0	1	-1	100	100		0	1	-1	100	100		0	1	-1	100	100		0	1	-1	100	100		0	1	-1	100	100		0	1	-1	100	100		0	1	-1	100	100		0	1	-1	100	100		0	1	-1	100	100		0	1	-1	100	100		0	1	-1	100	100		0	1	-1	100	100		0	1	-1	100	100		
16	40	120	1	9	1	1	1	1	1	3600000	50	0		1	0	0	96	97	98	100	200	300	400	500	30501106	1	-1	100	100		10100031	1	-1	100	100		10102012	1	-1	100	100		10102013	1	-1	100	100		30008010	1	-1	100	100		20301001	1	-1	100	100		20301002	1	-1	100	100		20301003	1	-1	100	100		20304001	1	-1	100	100		20304002	1	-1	100	100		20304003	1	-1	100	100		20304004	1	-1	100	100		20304017	1	-1	100	100		20304018	1	-1	100	100		20304019	1	-1	100	100		20304020	1	-1	100	100		20304021	1	-1	100	100		20304022	1	-1	100	100		30505010	1	-1	100	100		30505011	1	-1	100	100		30505012	1	-1	100	100		0	1	1	100	100		0	1	1	100	100		0	1	-1	100	100		0	1	-1	100	100		0	1	-1	100	100		0	1	-1	100	100		0	1	-1	100	100		0	1	-1	100	100		0	1	-1	100	100		0	1	-1	100	100		0	1	-1	100	100		0	1	-1	100	100		0	1	-1	100	100		0	1	-1	100	100		0	1	-1	100	100		0	1	-1	100	100		0	1	-1	100	100		0	1	-1	100	100		0	1	-1	100	100		0	1	-1	100	100		0	1	-1	100	100		0	1	-1	100	100		0	1	-1	100	100		0	1	-1	100	100		0	1	-1	100	100		0	1	-1	100	100		0	1	-1	100	100		0	1	-1	100	100		
17	40	120	1	9	1	1	8	1	1	100000	50	0		1	0	0	96	97	98	100	200	300	400	500	30602001	1	-1	100	100		30602002	1	-1	100	100		30602003	1	-1	100	100		30602004	1	-1	100	100		30603001	1	-1	100	100		30603002	1	-1	100	100		30603003	1	-1	100	100		30603004	1	-1	100	100		30604001	1	-1	100	100		30604002	1	-1	100	100		30604003	1	-1	100	100		30604004	1	-1	100	100		30605001	1	-1	100	100		30605002	1	-1	100	100		30605003	1	-1	100	100		30605004	1	-1	100	100		30601001	1	-1	100	100		30601004	1	-1	100	100		0	1	-1	100	100		0	1	-1	100	100		0	1	-1	100	100		0	1	-1	100	100		0	1	-1	100	100		0	1	-1	100	100		0	1	-1	100	100		0	1	-1	100	100		0	1	-1	100	100		0	1	-1	100	100		0	1	-1	100	100		0	1	-1	100	100		0	1	-1	100	100		0	1	-1	100	100		0	1	-1	100	100		0	1	-1	100	100		0	1	-1	100	100		0	1	-1	100	100		0	1	-1	100	100		0	1	-1	100	100		0	1	-1	100	100		0	1	-1	100	100		0	1	-1	100	100		0	1	-1	100	100		0	1	-1	100	100		0	1	-1	100	100		0	1	-1	100	100		0	1	-1	100	100		0	1	-1	100	100		0	1	-1	100	100		0	1	-1	100	100		
18	40	120	1	9	1	1	1	1	1	1500000	50	0		0	1	0	96	97	98	100	200	300	400	500	20101001	1	20	100	100		20101002	1	20	100	100		20101003	1	20	100	100		20101004	1	20	100	100		20101005	1	20	100	100		20102001	1	20	100	100		20102013	1	20	100	100		20102002	1	20	100	100		20102014	1	20	100	100		20102003	1	20	100	100		20102015	1	20	100	100		20103001	1	20	100	100		20103002	1	20	100	100		20103003	1	20	100	100		20104001	1	20	100	100		20104002	1	20	100	100		20104003	1	20	100	100		20105001	1	20	100	100		20105002	1	20	100	100		20105003	1	20	100	100		20304005	1	20	100	100		20304006	1	20	100	100		20304007	1	20	100	100		20107001	1	20	100	100		20107002	1	20	100	100		20107003	1	20	100	100		20107004	1	20	100	100		0	1	-1	100	100		0	1	-1	100	100		0	1	-1	100	100		0	1	-1	100	100		0	1	-1	100	100		0	1	-1	100	100		0	1	-1	100	100		0	1	-1	100	100		0	1	-1	100	100		0	1	-1	100	100		0	1	-1	100	100		0	1	-1	100	100		0	1	-1	100	100		0	1	-1	100	100		0	1	-1	100	100		0	1	-1	100	100		0	1	-1	100	100		0	1	-1	100	100		0	1	-1	100	100		0	1	-1	100	100		0	1	-1	100	100		0	1	-1	100	100		
19	40	0	1	9	1	1	5	0	1	100000	50	0		0	0	0	96	97	98	100	200	300	400	500	30501003	1	-1	100	100		30501007	1	-1	100	100		30501008	1	-1	100	100		30501009	1	-1	100	100		30501010	1	-1	100	100		30501011	1	-1	100	100		30501012	1	-1	100	100		30501013	1	-1	100	100		30501014	1	-1	100	100		30501015	1	-1	100	100		30501016	1	-1	100	100		0	1	-1	100	100		0	1	-1	100	100		0	1	-1	100	100		0	1	-1	100	100		0	1	-1	100	100		0	1	-1	100	100		0	1	-1	100	100		0	1	-1	100	100		0	1	-1	100	100		0	1	-1	100	100		0	1	-1	100	100		0	1	-1	100	100		0	1	-1	100	100		0	1	-1	100	100		0	1	-1	100	100		0	1	-1	100	100		0	1	-1	100	100		0	1	-1	100	100		0	1	-1	100	100		0	1	-1	100	100		0	1	-1	100	100		0	1	-1	100	100		0	1	-1	100	100		0	1	-1	100	100		0	1	-1	100	100		0	1	-1	100	100		0	1	-1	100	100		0	1	-1	100	100		0	1	-1	100	100		0	1	-1	100	100		0	1	-1	100	100		0	1	-1	100	100		0	1	-1	100	100		0	1	-1	100	100		0	1	-1	100	100		0	1	-1	100	100		0	1	-1	100	100		0	1	-1	100	100		
20	40	0	1	9	1	1	1	0	2	29987000	50	0		0	1	0	96	97	98	100	200	300	400	500	50101002	1	10	100	100		50111002	1	10	100	100		50113002	1	10	100	100		50102003	1	10	100	100		0	1	-1	100	100		0	1	-1	100	100		0	1	-1	100	100		0	1	-1	100	100		0	1	-1	100	100		0	1	-1	100	100		0	1	-1	100	100		0	1	-1	100	100		0	1	-1	100	100		0	1	-1	100	100		0	1	-1	100	100		0	1	-1	100	100		0	1	-1	100	100		0	1	-1	100	100		0	1	-1	100	100		0	1	-1	100	100		0	1	-1	100	100		0	1	-1	100	100		0	1	-1	100	100		0	1	-1	100	100		0	1	-1	100	100		0	1	-1	100	100		0	1	-1	100	100		0	1	-1	100	100		0	1	-1	100	100		0	1	-1	100	100		0	1	-1	100	100		0	1	-1	100	100		0	1	-1	100	100		0	1	-1	100	100		0	1	-1	100	100		0	1	-1	100	100		0	1	-1	100	100		0	1	-1	100	100		0	1	-1	100	100		0	1	-1	100	100		0	1	-1	100	100		0	1	-1	100	100		0	1	-1	100	100		0	1	-1	100	100		0	1	-1	100	100		0	1	-1	100	100		0	1	-1	100	100		0	1	-1	100	100		0	1	-1	100	100		
21	40	120	1	9	1	1	1	1	1	100000	50	0		0	0	0	96	97	98	100	200	300	400	500	10100003	1	-1	100	100		10100004	1	-1	100	100		10101003	1	-1	100	100		10101004	1	-1	100	100		10102003	1	-1	100	100		10102004	1	-1	100	100		10103003	1	-1	100	100		10103004	1	-1	100	100		10104003	1	-1	100	100		10104004	1	-1	100	100		10105003	1	-1	100	100		10105004	1	-1	100	100		30506021	1	-1	100	100		30506031	1	-1	100	100		30300003	1	-1	100	100		30300013	1	-1	100	100		30300023	1	-1	100	100		30300033	1	-1	100	100		30300043	1	-1	100	100		30300053	1	-1	100	100		0	1	-1	100	100		0	1	-1	100	100		0	1	-1	100	100		0	1	-1	100	100		0	1	-1	100	100		0	1	-1	100	100		0	1	-1	100	100		0	1	-1	100	100		0	1	-1	100	100		0	1	-1	100	100		0	1	-1	100	100		0	1	-1	100	100		0	1	-1	100	100		0	1	-1	100	100		0	1	-1	100	100		0	1	-1	100	100		0	1	-1	100	100		0	1	-1	100	100		0	1	-1	100	100		0	1	-1	100	100		0	1	-1	100	100		0	1	-1	100	100		0	1	-1	100	100		0	1	-1	100	100		0	1	-1	100	100		0	1	-1	100	100		0	1	-1	100	100		0	1	-1	100	100		0	1	-1	100	100		
22	40	120	1	9	1	1	1	1	1	100000	50	0		0	0	0	96	97	98	100	200	300	400	500	10110006	1	-1	100	100		10110007	1	-1	100	100		10110008	1	-1	100	100		10110009	1	-1	100	100		10110010	1	-1	100	100		10110011	1	-1	100	100		10111006	1	-1	100	100		10111007	1	-1	100	100		10111008	1	-1	100	100		10111009	1	-1	100	100		10111010	1	-1	100	100		10111011	1	-1	100	100		10112006	1	-1	100	100		10112007	1	-1	100	100		10112008	1	-1	100	100		10112009	1	-1	100	100		10112010	1	-1	100	100		10112011	1	-1	100	100		10113006	1	-1	100	100		10113007	1	-1	100	100		10113008	1	-1	100	100		10113009	1	-1	100	100		10113010	1	-1	100	100		10113011	1	-1	100	100		30507021	1	-1	100	100		30507031	1	-1	100	100		30301003	-1	-1	100	100		30301013	-1	-1	100	100		30301023	-1	-1	100	100		30301033	-1	-1	100	100		30301113	1	-1	100	100		30301123	1	-1	100	100		30301133	1	-1	100	100		30301143	1	-1	100	100		0	1	-1	100	100		0	1	-1	100	100		0	1	-1	100	100		0	1	-1	100	100		0	1	-1	100	100		0	1	-1	100	100		0	1	-1	100	100		0	1	-1	100	100		0	1	-1	100	100		0	1	-1	100	100		0	1	-1	100	100		0	1	-1	100	100		0	1	-1	100	100		0	1	-1	100	100		0	1	-1	100	100		
23	40	120	1	9	1	1	1	1	1	100000	50	0		0	0	0	96	97	98	100	200	300	400	500	10120003	1	-1	100	100		10120004	1	-1	100	100		10121003	1	-1	100	100		10121004	1	-1	100	100		10122003	1	-1	100	100		10122004	1	-1	100	100		30508021	1	-1	100	100		30508031	1	-1	100	100		30302003	1	-1	100	100		30302013	1	-1	100	100		30302023	1	-1	100	100		0	1	-1	100	100		0	1	-1	100	100		0	1	-1	100	100		0	1	-1	100	100		0	1	-1	100	100		0	1	-1	100	100		0	1	-1	100	100		0	1	-1	100	100		0	1	-1	100	100		0	1	-1	100	100		0	1	-1	100	100		0	1	-1	100	100		0	1	-1	100	100		0	1	-1	100	100		0	1	-1	100	100		0	1	-1	100	100		0	1	-1	100	100		0	1	-1	100	100		0	1	-1	100	100		0	1	-1	100	100		0	1	-1	100	100		0	1	-1	100	100		0	1	-1	100	100		0	1	-1	100	100		0	1	-1	100	100		0	1	-1	100	100		0	1	-1	100	100		0	1	-1	100	100		0	1	-1	100	100		0	1	-1	100	100		0	1	-1	100	100		0	1	-1	100	100		0	1	-1	100	100		0	1	-1	100	100		0	1	-1	100	100		0	1	-1	100	100		0	1	-1	100	100		0	1	-1	100	100		
24	40	120	1	9	1	1	8	1	1	100000	50	0		1	0	0	96	97	98	100	200	300	400	500	30101031	1	-1	100	100		30101032	1	-1	100	100		30101033	1	-1	100	100		30101034	1	-1	100	100		30101035	1	-1	100	100		30101036	1	-1	100	100		30101037	1	-1	100	100		30101038	1	-1	100	100		30101039	1	-1	100	100		30101040	1	-1	100	100		30101041	1	-1	100	100		30101042	1	-1	100	100		30101043	1	-1	100	100		30101044	1	-1	100	100		30101045	1	-1	100	100		30101046	1	-1	100	100		30101047	1	-1	100	100		30101048	1	-1	100	100		30101049	1	-1	100	100		30101050	1	-1	100	100		30001003	1	-1	100	100		30001004	1	-1	100	100		30002003	1	-1	100	100		30002004	1	-1	100	100		30003003	1	-1	100	100		30003004	1	-1	100	100		30303053	1	-1	100	100		30303003	1	-1	100	100		0	1	-1	100	100		0	1	-1	100	100		0	1	-1	100	100		0	1	-1	100	100		0	1	-1	100	100		0	1	-1	100	100		0	1	-1	100	100		0	1	-1	100	100		0	1	-1	100	100		0	1	-1	100	100		0	1	-1	100	100		0	1	-1	100	100		0	1	-1	100	100		0	1	-1	100	100		0	1	-1	100	100		0	1	-1	100	100		0	1	-1	100	100		0	1	-1	100	100		0	1	-1	100	100		0	1	-1	100	100		0	1	-1	100	100		
25	40	120	1	9	1	1	8	1	1	100000	50	0		1	0	0	96	97	98	100	200	300	400	500	30101033	1	-1	100	100		30101034	1	-1	100	100		30101035	1	-1	100	100		30101036	1	-1	100	100		30101037	1	-1	100	100		30101038	1	-1	100	100		30101039	1	-1	100	100		30101040	1	-1	100	100		30101043	1	-1	100	100		30101044	1	-1	100	100		30101045	1	-1	100	100		30101046	1	-1	100	100		30101047	1	-1	100	100		30101048	1	-1	100	100		30101049	1	-1	100	100		30101050	1	-1	100	100		30304038	1	-1	100	100		30304034	1	-1	100	100		30304035	1	-1	100	100		0	1	-1	100	100		0	1	-1	100	100		0	1	-1	100	100		0	1	-1	100	100		0	1	-1	100	100		0	1	-1	100	100		0	1	-1	100	100		0	1	-1	100	100		0	1	-1	100	100		0	1	-1	100	100		0	1	-1	100	100		0	1	-1	100	100		0	1	-1	100	100		0	1	-1	100	100		0	1	-1	100	100		0	1	-1	100	100		0	1	-1	100	100		0	1	-1	100	100		0	1	-1	100	100		0	1	-1	100	100		0	1	-1	100	100		0	1	-1	100	100		0	1	-1	100	100		0	1	-1	100	100		0	1	-1	100	100		0	1	-1	100	100		0	1	-1	100	100		0	1	-1	100	100		0	1	-1	100	100		0	1	-1	100	100		
26	40	120	1	9	1	1	1	1	1	100000	50	0		1	0	0	96	97	98	100	200	300	400	500	30501106	1	-1	100	100		10100031	1	-1	100	100		10102012	1	-1	100	100		10102013	1	-1	100	100		30008010	1	-1	100	100		20301001	1	-1	100	100		20301002	1	-1	100	100		20301003	1	-1	100	100		20304001	1	-1	100	100		20304002	1	-1	100	100		20304003	1	-1	100	100		20304004	1	-1	100	100		20304017	1	-1	100	100		20304018	1	-1	100	100		20304019	1	-1	100	100		20304020	1	-1	100	100		20304021	1	-1	100	100		20304022	1	-1	100	100		30505010	1	-1	100	100		30505011	1	-1	100	100		30505012	1	-1	100	100		0	1	-1	100	100		0	1	-1	100	100		0	1	-1	100	100		0	1	-1	100	100		0	1	-1	100	100		0	1	-1	100	100		0	1	-1	100	100		0	1	-1	100	100		0	1	-1	100	100		0	1	-1	100	100		0	1	-1	100	100		0	1	-1	100	100		0	1	-1	100	100		0	1	-1	100	100		0	1	-1	100	100		0	1	-1	100	100		0	1	-1	100	100		0	1	-1	100	100		0	1	-1	100	100		0	1	-1	100	100		0	1	-1	100	100		0	1	-1	100	100		0	1	-1	100	100		0	1	-1	100	100		0	1	-1	100	100		0	1	-1	100	100		0	1	-1	100	100		0	1	-1	100	100		
27	40	120	1	9	1	1	8	1	1	100000	50	0		1	0	0	96	97	98	100	200	300	400	500	30602001	1	-1	100	100		30602002	1	-1	100	100		30602003	1	-1	100	100		30602004	1	-1	100	100		30603001	1	-1	100	100		30603002	1	-1	100	100		30603003	1	-1	100	100		30603004	1	-1	100	100		30604001	1	-1	100	100		30604002	1	-1	100	100		30604003	1	-1	100	100		30604004	1	-1	100	100		30605001	1	-1	100	100		30605002	1	-1	100	100		30605003	1	-1	100	100		30605004	1	-1	100	100		30601001	1	-1	100	100		30601004	1	-1	100	100		0	1	-1	100	100		0	1	-1	100	100		0	1	-1	100	100		0	1	-1	100	100		0	1	-1	100	100		0	1	-1	100	100		0	1	-1	100	100		0	1	-1	100	100		0	1	-1	100	100		0	1	-1	100	100		0	1	-1	100	100		0	1	-1	100	100		0	1	-1	100	100		0	1	-1	100	100		0	1	-1	100	100		0	1	-1	100	100		0	1	-1	100	100		0	1	-1	100	100		0	1	-1	100	100		0	1	-1	100	100		0	1	-1	100	100		0	1	-1	100	100		0	1	-1	100	100		0	1	-1	100	100		0	1	-1	100	100		0	1	-1	100	100		0	1	-1	100	100		0	1	-1	100	100		0	1	-1	100	100		0	1	-1	100	100		0	1	-1	100	100		
28	40	120	1	9	1	1	1	1	1	900000	50	0		0	1	0	96	97	98	100	200	300	400	500	20101009	1	10	100	100		20101010	1	10	100	100		20101011	1	10	100	100		20103004	1	10	100	100		20104004	1	10	100	100		20105004	1	10	100	100		20107009	1	10	100	100		20107010	1	10	100	100		20304008	1	10	100	100		0	1	-1	100	100		0	1	-1	100	100		0	1	-1	100	100		0	1	-1	100	100		0	1	-1	100	100		0	1	-1	100	100		0	1	-1	100	100		0	1	-1	100	100		0	1	-1	100	100		0	1	-1	100	100		0	1	-1	100	100		0	1	-1	100	100		0	1	-1	100	100		0	1	-1	100	100		0	1	-1	100	100		0	1	-1	100	100		0	1	-1	100	100		0	1	-1	100	100		0	1	-1	100	100		0	1	-1	100	100		0	1	-1	100	100		0	1	-1	100	100		0	1	-1	100	100		0	1	-1	100	100		0	1	-1	100	100		0	1	-1	100	100		0	1	-1	100	100		0	1	-1	100	100		0	1	-1	100	100		0	1	-1	100	100		0	1	-1	100	100		0	1	-1	100	100		0	1	-1	100	100		0	1	-1	100	100		0	1	-1	100	100		0	1	-1	100	100		0	1	-1	100	100		0	1	-1	100	100		0	1	-1	100	100		0	1	-1	100	100		
29	40	0	1	9	1	1	1	0	1	100000	50	0		0	0	0	96	97	98	100	200	300	400	500	30004001	1	-1	100	100		30004002	1	-1	100	100		30004003	1	-1	100	100		30004004	1	-1	100	100		30004005	1	-1	100	100		30004006	1	-1	100	100		30004007	1	-1	100	100		30004008	1	-1	100	100		30004009	1	-1	100	100		30004010	1	-1	100	100		30004011	1	-1	100	100		30004012	1	-1	100	100		30004013	1	-1	100	100		30004014	1	-1	100	100		30004015	1	-1	100	100		30004016	1	-1	100	100		30004017	1	-1	100	100		30004018	1	-1	100	100		30004019	1	-1	100	100		30004020	1	-1	100	100		30004021	1	-1	100	100		30004022	1	-1	100	100		30004023	1	-1	100	100		30004024	1	-1	100	100		30004025	1	-1	100	100		30005001	1	-1	100	100		30005002	1	-1	100	100		30005003	1	-1	100	100		30005004	1	-1	100	100		30005005	1	-1	100	100		30005006	1	-1	100	100		30005007	1	-1	100	100		30005008	1	-1	100	100		30005009	1	-1	100	100		0	1	-1	100	100		0	1	-1	100	100		0	1	-1	100	100		0	1	-1	100	100		0	1	-1	100	100		0	1	-1	100	100		0	1	-1	100	100		0	1	-1	100	100		0	1	-1	100	100		0	1	-1	100	100		0	1	-1	100	100		0	1	-1	100	100		0	1	-1	100	100		0	1	-1	100	100		0	1	-1	100	100		
30	40	0	1	9	1	1	1	0	1	100000	50	0		1	0	0	96	97	98	100	200	300	400	500	30303103	1	-1	100	100		30303104	1	-1	100	100		30303105	1	-1	100	100		30303106	1	-1	100	100		30303107	1	-1	100	100		30303108	1	-1	100	100		30303109	1	-1	100	100		30303110	1	-1	100	100		30303111	1	-1	100	100		30303112	1	-1	100	100		0	1	-1	100	100		0	1	-1	100	100		0	1	-1	100	100		0	1	-1	100	100		0	1	-1	100	100		0	1	-1	100	100		0	1	-1	100	100		0	1	-1	100	100		0	1	-1	100	100		0	1	-1	100	100		0	1	-1	100	100		0	1	-1	100	100		0	1	-1	100	100		0	1	-1	100	100		0	1	-1	100	100		0	1	-1	100	100		0	1	-1	100	100		0	1	-1	100	100		0	1	-1	100	100		0	1	-1	100	100		0	1	-1	100	100		0	1	-1	100	100		0	1	-1	100	100		0	1	-1	100	100		0	1	-1	100	100		0	1	-1	100	100		0	1	-1	100	100		0	1	-1	100	100		0	1	-1	100	100		0	1	-1	100	100		0	1	-1	100	100		0	1	-1	100	100		0	1	-1	100	100		0	1	-1	100	100		0	1	-1	100	100		0	1	-1	100	100		0	1	-1	100	100		0	1	-1	100	100		0	1	-1	100	100		
31	40	0	1	9	1	1	5	0	2	29987000	50	0		0	1	0	96	97	98	100	200	300	400	500	0	1	-1	100	100		
32	40	0	1	9	1	1	1	0	2	29987000	50	0		0	1	0	96	97	98	100	200	300	400	500	50111001	1	10	100	100		50111002	1	10	100	100		50112001	1	10	100	100		50112002	1	10	100	100		50112003	1	10	100	100		50112004	1	10	100	100		50113001	1	10	100	100		50113002	1	10	100	100		50113003	1	10	100	100		50113004	1	10	100	100		50113005	1	10	100	100		50114001	1	10	100	100		30501004	1	2	100	100		30501005	1	2	100	100		30501006	1	2	100	100		30503011	1	2	100	100		0	1	-1	100	100		0	1	-1	100	100		0	1	-1	100	100		0	1	-1	100	100		0	1	-1	100	100		0	1	-1	100	100		0	1	-1	100	100		0	1	-1	100	100		0	1	-1	100	100		0	1	-1	100	100		0	1	-1	100	100		0	1	-1	100	100		0	1	-1	100	100		0	1	-1	100	100		0	1	-1	100	100		0	1	-1	100	100		0	1	-1	100	100		0	1	-1	100	100		0	1	-1	100	100		0	1	-1	100	100		0	1	-1	100	100		0	1	-1	100	100		0	1	-1	100	100		0	1	-1	100	100		0	1	-1	100	100		0	1	-1	100	100		0	1	-1	100	100		0	1	-1	100	100		0	1	-1	100	100		0	1	-1	100	100		0	1	-1	100	100		0	1	-1	100	100		0	1	-1	100	100		
33	40	120	1	8	1	1	4	0	1	600000	50	0		0	1	0	96	97	98	100	200	300	400	500	20400001	1	-1	3800	100		0	1	-1	1000	100		0	1	-1	1000	100		0	1	-1	1000	100		0	1	-1	100	100		0	1	-1	100	100		0	1	-1	100	100		0	1	-1	100	100		0	1	-1	100	100		0	1	-1	100	100		0	1	-1	100	100		0	1	-1	100	100		0	1	-1	100	100		0	1	-1	100	100		0	1	-1	100	100		0	1	-1	100	100		0	1	-1	100	100		0	1	-1	100	100		0	1	-1	100	100		0	1	-1	100	100		0	1	-1	100	100		0	1	-1	100	100		0	1	-1	100	100		0	1	-1	100	100		0	1	-1	100	100		0	1	-1	100	100		0	1	-1	100	100		0	1	-1	100	100		0	1	-1	100	100		0	1	-1	100	100		0	1	-1	100	100		0	1	-1	100	100		0	1	-1	100	100		0	1	-1	100	100		0	1	-1	100	100		0	1	-1	100	100		0	1	-1	100	100		0	1	-1	100	100		0	1	-1	100	100		0	1	-1	100	100		0	1	-1	100	100		0	1	-1	100	100		0	1	-1	100	100		0	1	-1	100	100		0	1	-1	100	100		0	1	-1	100	100		0	1	-1	100	100		0	1	-1	100	100		0	1	-1	100	100		
34	40	120	1	8	1	1	4	0	1	600000	50	0		0	1	0	96	97	98	100	200	300	400	500	20400003	1	-1	3800	100		0	1	-1	1000	100		0	1	-1	1000	100		0	1	-1	1000	100		0	1	-1	100	100		0	1	-1	100	100		0	1	-1	100	100		0	1	-1	100	100		0	1	-1	100	100		0	1	-1	100	100		0	1	-1	100	100		0	1	-1	100	100		0	1	-1	100	100		0	1	-1	100	100		0	1	-1	100	100		0	1	-1	100	100		0	1	-1	100	100		0	1	-1	100	100		0	1	-1	100	100		0	1	-1	100	100		0	1	-1	100	100		0	1	-1	100	100		0	1	-1	100	100		0	1	-1	100	100		0	1	-1	100	100		0	1	-1	100	100		0	1	-1	100	100		0	1	-1	100	100		0	1	-1	100	100		0	1	-1	100	100		0	1	-1	100	100		0	1	-1	100	100		0	1	-1	100	100		0	1	-1	100	100		0	1	-1	100	100		0	1	-1	100	100		0	1	-1	100	100		0	1	-1	100	100		0	1	-1	100	100		0	1	-1	100	100		0	1	-1	100	100		0	1	-1	100	100		0	1	-1	100	100		0	1	-1	100	100		0	1	-1	100	100		0	1	-1	100	100		0	1	-1	100	100		0	1	-1	100	100		0	1	-1	100	100		
35	40	120	1	8	1	1	4	0	1	600000	50	0		0	1	0	96	97	98	100	200	300	400	500	20400007	1	-1	3800	100		0	1	-1	1000	100		0	1	-1	1000	100		0	1	-1	1000	100		0	1	-1	100	100		0	1	-1	100	100		0	1	-1	100	100		0	1	-1	100	100		0	1	-1	100	100		0	1	-1	100	100		0	1	-1	100	100		0	1	-1	100	100		0	1	-1	100	100		0	1	-1	100	100		0	1	-1	100	100		0	1	-1	100	100		0	1	-1	100	100		0	1	-1	100	100		0	1	-1	100	100		0	1	-1	100	100		0	1	-1	100	100		0	1	-1	100	100		0	1	-1	100	100		0	1	-1	100	100		0	1	-1	100	100		0	1	-1	100	100		0	1	-1	100	100		0	1	-1	100	100		0	1	-1	100	100		0	1	-1	100	100		0	1	-1	100	100		0	1	-1	100	100		0	1	-1	100	100		0	1	-1	100	100		0	1	-1	100	100		0	1	-1	100	100		0	1	-1	100	100		0	1	-1	100	100		0	1	-1	100	100		0	1	-1	100	100		0	1	-1	100	100		0	1	-1	100	100		0	1	-1	100	100		0	1	-1	100	100		0	1	-1	100	100		0	1	-1	100	100		0	1	-1	100	100		0	1	-1	100	100		0	1	-1	100	100		
41	40	120	1	9	1	1	8	1	1	1800000	50	0		0	1	0	96	97	98	100	200	300	400	500	10141001	1	-1	100	100		10141010	1	-1	1000	100		0	-1	-1	1000	100		0	-1	-1	100	100		0	-1	-1	100	100		0	-1	-1	100	100		0	-1	-1	100	100		0	-1	-1	100	100		0	-1	-1	100	100		0	-1	-1	100	100		0	-1	-1	100	100		0	-1	-1	100	100		0	-1	-1	100	100		0	-1	-1	100	100		0	-1	-1	100	100		0	-1	-1	100	100		0	-1	-1	100	100		0	-1	-1	100	100		0	-1	-1	100	100		0	-1	-1	100	100		0	-1	-1	100	100		0	-1	-1	100	100		0	1	-1	100	100		0	1	-1	100	100		0	1	-1	100	100		0	1	-1	100	100		0	1	-1	100	100		0	1	-1	100	100		0	1	-1	100	100		0	1	-1	100	100		0	1	-1	100	100		0	1	-1	100	100		0	1	-1	100	100		0	1	-1	100	100		0	1	-1	100	100		0	1	-1	100	100		0	1	-1	100	100		0	1	-1	100	100		0	1	-1	100	100		0	1	-1	100	100		0	1	-1	100	100		0	1	-1	100	100		0	1	-1	100	100		0	1	-1	100	100		0	1	-1	100	100		0	1	-1	100	100		0	1	-1	100	100		0	1	-1	100	100		0	1	-1	100	100		
42	40	120	1	9	1	1	8	1	1	1800000	50	0		0	1	0	96	97	98	100	200	300	400	500	10141002	1	-1	100	100		10141011	1	-1	1000	100		0	-1	-1	1000	100		0	-1	-1	100	100		0	-1	-1	100	100		0	-1	-1	100	100		0	-1	-1	100	100		0	-1	-1	100	100		0	-1	-1	100	100		0	-1	-1	100	100		0	-1	-1	100	100		0	-1	-1	100	100		0	-1	-1	100	100		0	-1	-1	100	100		0	-1	-1	100	100		0	-1	-1	100	100		0	-1	-1	100	100		0	-1	-1	100	100		0	-1	-1	100	100		0	-1	-1	100	100		0	-1	-1	100	100		0	-1	-1	100	100		0	1	-1	100	100		0	1	-1	100	100		0	1	-1	100	100		0	1	-1	100	100		0	1	-1	100	100		0	1	-1	100	100		0	1	-1	100	100		0	1	-1	100	100		0	1	-1	100	100		0	1	-1	100	100		0	1	-1	100	100		0	1	-1	100	100		0	1	-1	100	100		0	1	-1	100	100		0	1	-1	100	100		0	1	-1	100	100		0	1	-1	100	100		0	1	-1	100	100		0	1	-1	100	100		0	1	-1	100	100		0	1	-1	100	100		0	1	-1	100	100		0	1	-1	100	100		0	1	-1	100	100		0	1	-1	100	100		0	1	-1	100	100		0	1	-1	100	100		
43	40	120	1	9	1	1	8	1	1	1800000	50	0		0	1	0	96	97	98	100	200	300	400	500	10141019	1	-1	100	100		10141020	1	-1	1000	100		0	-1	-1	1000	100		0	-1	-1	100	100		0	-1	-1	100	100		0	-1	-1	100	100		0	-1	-1	100	100		0	-1	-1	100	100		0	-1	-1	100	100		0	-1	-1	100	100		0	-1	-1	100	100		0	-1	-1	100	100		0	-1	-1	100	100		0	-1	-1	100	100		0	-1	-1	100	100		0	-1	-1	100	100		0	-1	-1	100	100		0	-1	-1	100	100		0	-1	-1	100	100		0	-1	-1	100	100		0	-1	-1	100	100		0	-1	-1	100	100		0	1	-1	100	100		0	1	-1	100	100		0	1	-1	100	100		0	1	-1	100	100		0	1	-1	100	100		0	1	-1	100	100		0	1	-1	100	100		0	1	-1	100	100		0	1	-1	100	100		0	1	-1	100	100		0	1	-1	100	100		0	1	-1	100	100		0	1	-1	100	100		0	1	-1	100	100		0	1	-1	100	100		0	1	-1	100	100		0	1	-1	100	100		0	1	-1	100	100		0	1	-1	100	100		0	1	-1	100	100		0	1	-1	100	100		0	1	-1	100	100		0	1	-1	100	100		0	1	-1	100	100		0	1	-1	100	100		0	1	-1	100	100		0	1	-1	100	100		
44	40	120	1	9	1	1	8	1	1	1800000	50	0		0	1	0	96	97	98	100	200	300	400	500	10141004	1	-1	100	100		10141013	1	-1	1000	100		0	-1	-1	1000	100		0	-1	-1	100	100		0	-1	-1	100	100		0	-1	-1	100	100		0	-1	-1	100	100		0	-1	-1	100	100		0	-1	-1	100	100		0	-1	-1	100	100		0	-1	-1	100	100		0	-1	-1	100	100		0	-1	-1	100	100		0	-1	-1	100	100		0	-1	-1	100	100		0	-1	-1	100	100		0	-1	-1	100	100		0	-1	-1	100	100		0	-1	-1	100	100		0	-1	-1	100	100		0	-1	-1	100	100		0	-1	-1	100	100		0	1	-1	100	100		0	1	-1	100	100		0	1	-1	100	100		0	1	-1	100	100		0	1	-1	100	100		0	1	-1	100	100		0	1	-1	100	100		0	1	-1	100	100		0	1	-1	100	100		0	1	-1	100	100		0	1	-1	100	100		0	1	-1	100	100		0	1	-1	100	100		0	1	-1	100	100		0	1	-1	100	100		0	1	-1	100	100		0	1	-1	100	100		0	1	-1	100	100		0	1	-1	100	100		0	1	-1	100	100		0	1	-1	100	100		0	1	-1	100	100		0	1	-1	100	100		0	1	-1	100	100		0	1	-1	100	100		0	1	-1	100	100		0	1	-1	100	100		
45	40	120	1	9	1	1	8	1	1	1800000	50	0		0	1	0	96	97	98	100	200	300	400	500	10141005	1	-1	100	100		10141014	1	-1	1000	100		0	-1	-1	1000	100		0	-1	-1	100	100		0	-1	-1	100	100		0	-1	-1	100	100		0	-1	-1	100	100		0	-1	-1	100	100		0	-1	-1	100	100		0	-1	-1	100	100		0	-1	-1	100	100		0	-1	-1	100	100		0	-1	-1	100	100		0	-1	-1	100	100		0	-1	-1	100	100		0	-1	-1	100	100		0	-1	-1	100	100		0	-1	-1	100	100		0	-1	-1	100	100		0	-1	-1	100	100		0	-1	-1	100	100		0	-1	-1	100	100		0	1	-1	100	100		0	1	-1	100	100		0	1	-1	100	100		0	1	-1	100	100		0	1	-1	100	100		0	1	-1	100	100		0	1	-1	100	100		0	1	-1	100	100		0	1	-1	100	100		0	1	-1	100	100		0	1	-1	100	100		0	1	-1	100	100		0	1	-1	100	100		0	1	-1	100	100		0	1	-1	100	100		0	1	-1	100	100		0	1	-1	100	100		0	1	-1	100	100		0	1	-1	100	100		0	1	-1	100	100		0	1	-1	100	100		0	1	-1	100	100		0	1	-1	100	100		0	1	-1	100	100		0	1	-1	100	100		0	1	-1	100	100		0	1	-1	100	100		
46	40	120	1	9	1	1	8	1	1	1800000	50	0		0	1	0	96	97	98	100	200	300	400	500	10141006	1	-1	100	100		10141015	1	-1	1000	100		0	-1	-1	1000	100		0	-1	-1	100	100		0	-1	-1	100	100		0	-1	-1	100	100		0	-1	-1	100	100		0	-1	-1	100	100		0	-1	-1	100	100		0	-1	-1	100	100		0	-1	-1	100	100		0	-1	-1	100	100		0	-1	-1	100	100		0	-1	-1	100	100		0	-1	-1	100	100		0	-1	-1	100	100		0	-1	-1	100	100		0	-1	-1	100	100		0	-1	-1	100	100		0	-1	-1	100	100		0	-1	-1	100	100		0	-1	-1	100	100		0	1	-1	100	100		0	1	-1	100	100		0	1	-1	100	100		0	1	-1	100	100		0	1	-1	100	100		0	1	-1	100	100		0	1	-1	100	100		0	1	-1	100	100		0	1	-1	100	100		0	1	-1	100	100		0	1	-1	100	100		0	1	-1	100	100		0	1	-1	100	100		0	1	-1	100	100		0	1	-1	100	100		0	1	-1	100	100		0	1	-1	100	100		0	1	-1	100	100		0	1	-1	100	100		0	1	-1	100	100		0	1	-1	100	100		0	1	-1	100	100		0	1	-1	100	100		0	1	-1	100	100		0	1	-1	100	100		0	1	-1	100	100		0	1	-1	100	100		
47	40	120	1	9	1	1	8	1	1	1800000	50	0		0	1	0	96	97	98	100	200	300	400	500	10141007	1	-1	100	100		10141016	1	-1	1000	100		0	-1	-1	1000	100		0	-1	-1	100	100		0	-1	-1	100	100		0	-1	-1	100	100		0	-1	-1	100	100		0	-1	-1	100	100		0	-1	-1	100	100		0	-1	-1	100	100		0	-1	-1	100	100		0	-1	-1	100	100		0	-1	-1	100	100		0	-1	-1	100	100		0	-1	-1	100	100		0	-1	-1	100	100		0	-1	-1	100	100		0	-1	-1	100	100		0	-1	-1	100	100		0	-1	-1	100	100		0	-1	-1	100	100		0	-1	-1	100	100		0	1	-1	100	100		0	1	-1	100	100		0	1	-1	100	100		0	1	-1	100	100		0	1	-1	100	100		0	1	-1	100	100		0	1	-1	100	100		0	1	-1	100	100		0	1	-1	100	100		0	1	-1	100	100		0	1	-1	100	100		0	1	-1	100	100		0	1	-1	100	100		0	1	-1	100	100		0	1	-1	100	100		0	1	-1	100	100		0	1	-1	100	100		0	1	-1	100	100		0	1	-1	100	100		0	1	-1	100	100		0	1	-1	100	100		0	1	-1	100	100		0	1	-1	100	100		0	1	-1	100	100		0	1	-1	100	100		0	1	-1	100	100		0	1	-1	100	100		
48	40	120	1	9	1	1	8	1	1	1800000	50	0		0	1	0	96	97	98	100	200	300	400	500	10141008	1	-1	100	100		10141017	1	-1	1000	100		0	-1	-1	1000	100		0	-1	-1	100	100		0	-1	-1	100	100		0	-1	-1	100	100		0	-1	-1	100	100		0	-1	-1	100	100		0	-1	-1	100	100		0	-1	-1	100	100		0	-1	-1	100	100		0	-1	-1	100	100		0	-1	-1	100	100		0	-1	-1	100	100		0	-1	-1	100	100		0	-1	-1	100	100		0	-1	-1	100	100		0	-1	-1	100	100		0	-1	-1	100	100		0	-1	-1	100	100		0	-1	-1	100	100		0	-1	-1	100	100		0	1	-1	100	100		0	1	-1	100	100		0	1	-1	100	100		0	1	-1	100	100		0	1	-1	100	100		0	1	-1	100	100		0	1	-1	100	100		0	1	-1	100	100		0	1	-1	100	100		0	1	-1	100	100		0	1	-1	100	100		0	1	-1	100	100		0	1	-1	100	100		0	1	-1	100	100		0	1	-1	100	100		0	1	-1	100	100		0	1	-1	100	100		0	1	-1	100	100		0	1	-1	100	100		0	1	-1	100	100		0	1	-1	100	100		0	1	-1	100	100		0	1	-1	100	100		0	1	-1	100	100		0	1	-1	100	100		0	1	-1	100	100		0	1	-1	100	100		
49	40	120	1	9	1	1	8	1	1	1800000	50	0		0	1	0	96	97	98	100	200	300	400	500	10141009	1	-1	100	100		10141018	1	-1	1000	100		0	-1	-1	1000	100		0	-1	-1	100	100		0	-1	-1	100	100		0	-1	-1	100	100		0	-1	-1	100	100		0	-1	-1	100	100		0	-1	-1	100	100		0	-1	-1	100	100		0	-1	-1	100	100		0	-1	-1	100	100		0	-1	-1	100	100		0	-1	-1	100	100		0	-1	-1	100	100		0	-1	-1	100	100		0	-1	-1	100	100		0	-1	-1	100	100		0	-1	-1	100	100		0	-1	-1	100	100		0	-1	-1	100	100		0	-1	-1	100	100		0	1	-1	100	100		0	1	-1	100	100		0	1	-1	100	100		0	1	-1	100	100		0	1	-1	100	100		0	1	-1	100	100		0	1	-1	100	100		0	1	-1	100	100		0	1	-1	100	100		0	1	-1	100	100		0	1	-1	100	100		0	1	-1	100	100		0	1	-1	100	100		0	1	-1	100	100		0	1	-1	100	100		0	1	-1	100	100		0	1	-1	100	100		0	1	-1	100	100		0	1	-1	100	100		0	1	-1	100	100		0	1	-1	100	100		0	1	-1	100	100		0	1	-1	100	100		0	1	-1	100	100		0	1	-1	100	100		0	1	-1	100	100		0	1	-1	100	100		
50	50	0	1	9	1	1	1	0	1	3600000	0	0		0	1	0	96	97	98	100	200	300	400	500	0	-1	-1	100	100		0	1	-1	1000	100		0	-1	-1	1000	100		0	-1	-1	100	100		0	-1	-1	100	100		0	-1	-1	100	100		0	-1	-1	100	100		0	-1	-1	100	100		0	-1	-1	100	100		0	-1	-1	100	100		0	-1	-1	100	100		0	-1	-1	100	100		0	-1	-1	100	100		0	-1	-1	100	100		0	-1	-1	100	100		0	-1	-1	100	100		0	-1	-1	100	100		0	-1	-1	100	100		0	-1	-1	100	100		0	-1	-1	100	100		0	-1	-1	100	100		0	-1	-1	100	100		0	1	-1	100	100		0	1	-1	100	100		0	1	-1	100	100		0	1	-1	100	100		0	1	-1	100	100		0	1	-1	100	100		0	1	-1	100	100		0	1	-1	100	100		0	1	-1	100	100		0	1	-1	100	100		0	1	-1	100	100		0	1	-1	100	100		0	1	-1	100	100		0	1	-1	100	100		0	1	-1	100	100		0	1	-1	100	100		0	1	-1	100	100		0	1	-1	100	100		0	1	-1	100	100		0	1	-1	100	100		0	1	-1	100	100		0	1	-1	100	100		0	1	-1	100	100		0	1	-1	100	100		0	1	-1	100	100		0	1	-1	100	100		0	1	-1	100	100		
51	40	0	1	9	1	1	1	0	1	100000	50	0		0	0	0	96	97	98	100	200	300	400	500	30307059	1	-1	100	100		30307011	1	-1	1000	100		30307032	1	-1	1000	100		30307112	-1	-1	100	100		30307064	-1	-1	100	100		30307012	-1	-1	100	100		30307033	-1	-1	100	100		30307060	-1	-1	100	100		30307142	-1	-1	100	100		30307065	-1	-1	100	100		30307113	-1	-1	100	100		30307153	-1	-1	100	100		30307158	-1	-1	100	100		30307161	-1	-1	100	100		30307061	-1	-1	100	100		30307114	-1	-1	100	100		30307034	-1	-1	100	100		30307013	-1	-1	100	100		0	-1	-1	100	100		0	-1	-1	100	100		0	-1	-1	100	100		0	-1	-1	100	100		0	1	-1	100	100		0	1	-1	100	100		0	1	-1	100	100		0	1	-1	100	100		0	1	-1	100	100		0	1	-1	100	100		0	1	-1	100	100		0	1	-1	100	100		0	1	-1	100	100		0	1	-1	100	100		0	1	-1	100	100		0	1	-1	100	100		0	1	-1	100	100		0	1	-1	100	100		0	1	-1	100	100		0	1	-1	100	100		0	1	-1	100	100		0	1	-1	100	100		0	1	-1	100	100		0	1	-1	100	100		0	1	-1	100	100		0	1	-1	100	100		0	1	-1	100	100		0	1	-1	100	100		0	1	-1	100	100		0	1	-1	100	100		0	1	-1	100	100		
52	40	0	1	9	1	1	1	0	1	100000	50	0		0	0	0	96	97	98	100	200	300	400	500	30307026	1	-1	100	100		30307041	1	-1	1000	100		30307044	1	-1	1000	100		30307139	-1	-1	100	100		30307062	-1	-1	100	100		30307150	-1	-1	100	100		30307042	-1	-1	100	100		30307027	-1	-1	100	100		30307045	-1	-1	100	100		30307063	-1	-1	100	100		30307140	-1	-1	100	100		30307155	-1	-1	100	100		30307046	-1	-1	100	100		30307141	-1	-1	100	100		30307043	-1	-1	100	100		30307028	-1	-1	100	100		0	-1	-1	100	100		0	-1	-1	100	100		0	-1	-1	100	100		0	-1	-1	100	100		0	-1	-1	100	100		0	-1	-1	100	100		0	1	-1	100	100		0	1	-1	100	100		0	1	-1	100	100		0	1	-1	100	100		0	1	-1	100	100		0	1	-1	100	100		0	1	-1	100	100		0	1	-1	100	100		0	1	-1	100	100		0	1	-1	100	100		0	1	-1	100	100		0	1	-1	100	100		0	1	-1	100	100		0	1	-1	100	100		0	1	-1	100	100		0	1	-1	100	100		0	1	-1	100	100		0	1	-1	100	100		0	1	-1	100	100		0	1	-1	100	100		0	1	-1	100	100		0	1	-1	100	100		0	1	-1	100	100		0	1	-1	100	100		0	1	-1	100	100		0	1	-1	100	100		0	1	-1	100	100		
53	40	0	1	9	1	1	1	0	1	100000	50	0		0	0	0	96	97	98	100	200	300	400	500	30307014	1	-1	100	100		30307047	1	-1	1000	100		30307066	-1	-1	1000	100		30307130	-1	-1	100	100		30307118	-1	-1	100	100		30307162	-1	-1	100	100		30307067	-1	-1	100	100		30307015	-1	-1	100	100		30307143	-1	-1	100	100		30307048	-1	-1	100	100		30307119	-1	-1	100	100		30307131	-1	-1	100	100		30307068	-1	-1	100	100		30307132	-1	-1	100	100		30307120	-1	-1	100	100		30307049	-1	-1	100	100		30307016	-1	-1	100	100		30307185	-1	-1	100	100		30307186	-1	-1	100	100		0	-1	-1	100	100		0	-1	-1	100	100		0	-1	-1	100	100		0	1	-1	100	100		0	1	-1	100	100		0	1	-1	100	100		0	1	-1	100	100		0	1	-1	100	100		0	1	-1	100	100		0	1	-1	100	100		0	1	-1	100	100		0	1	-1	100	100		0	1	-1	100	100		0	1	-1	100	100		0	1	-1	100	100		0	1	-1	100	100		0	1	-1	100	100		0	1	-1	100	100		0	1	-1	100	100		0	1	-1	100	100		0	1	-1	100	100		0	1	-1	100	100		0	1	-1	100	100		0	1	-1	100	100		0	1	-1	100	100		0	1	-1	100	100		0	1	-1	100	100		0	1	-1	100	100		0	1	-1	100	100		0	1	-1	100	100		
54	40	0	1	9	1	1	1	0	1	100000	50	0		0	0	0	96	97	98	100	200	300	400	500	30307020	1	-1	100	100		30307035	1	-1	1000	100		30307077	-1	-1	1000	100		30307115	-1	-1	100	100		30307078	-1	-1	100	100		30307036	-1	-1	100	100		30307021	-1	-1	100	100		30307116	-1	-1	100	100		30307147	-1	-1	100	100		30307079	-1	-1	100	100		30307117	-1	-1	100	100		30307037	-1	-1	100	100		30307022	-1	-1	100	100		30307183	-1	-1	100	100		30307184	-1	-1	100	100		0	-1	-1	100	100		0	-1	-1	100	100		0	-1	-1	100	100		0	-1	-1	100	100		0	-1	-1	100	100		0	-1	-1	100	100		0	-1	-1	100	100		0	1	-1	100	100		0	1	-1	100	100		0	1	-1	100	100		0	1	-1	100	100		0	1	-1	100	100		0	1	-1	100	100		0	1	-1	100	100		0	1	-1	100	100		0	1	-1	100	100		0	1	-1	100	100		0	1	-1	100	100		0	1	-1	100	100		0	1	-1	100	100		0	1	-1	100	100		0	1	-1	100	100		0	1	-1	100	100		0	1	-1	100	100		0	1	-1	100	100		0	1	-1	100	100		0	1	-1	100	100		0	1	-1	100	100		0	1	-1	100	100		0	1	-1	100	100		0	1	-1	100	100		0	1	-1	100	100		0	1	-1	100	100		0	1	-1	100	100		
55	40	0	1	9	1	1	1	0	1	100000	50	0		0	0	0	96	97	98	100	200	300	400	500	30307089	1	-1	100	100		30307086	1	-1	1000	100		30307092	-1	-1	1000	100		30307083	-1	-1	100	100		30307106	-1	-1	100	100		30307145	-1	-1	100	100		30307087	-1	-1	100	100		30307090	-1	-1	100	100		30307093	-1	-1	100	100		30307084	-1	-1	100	100		30307107	-1	-1	100	100		30307156	-1	-1	100	100		30307094	-1	-1	100	100		30307091	-1	-1	100	100		30307108	-1	-1	100	100		30307088	-1	-1	100	100		30307085	-1	-1	100	100		0	-1	-1	100	100		0	-1	-1	100	100		0	-1	-1	100	100		0	-1	-1	100	100		0	-1	-1	100	100		0	1	-1	100	100		0	1	-1	100	100		0	1	-1	100	100		0	1	-1	100	100		0	1	-1	100	100		0	1	-1	100	100		0	1	-1	100	100		0	1	-1	100	100		0	1	-1	100	100		0	1	-1	100	100		0	1	-1	100	100		0	1	-1	100	100		0	1	-1	100	100		0	1	-1	100	100		0	1	-1	100	100		0	1	-1	100	100		0	1	-1	100	100		0	1	-1	100	100		0	1	-1	100	100		0	1	-1	100	100		0	1	-1	100	100		0	1	-1	100	100		0	1	-1	100	100		0	1	-1	100	100		0	1	-1	100	100		0	1	-1	100	100		0	1	-1	100	100		
56	40	0	1	9	1	1	1	0	1	100000	50	0		0	0	0	96	97	98	100	200	300	400	500	30307001	1	-1	100	100		30307074	1	-1	1000	100		30307124	-1	-1	1000	100		30307006	-1	-1	100	100		30307002	-1	-1	100	100		30307146	-1	-1	100	100		30307007	-1	-1	100	100		30307075	-1	-1	100	100		30307003	-1	-1	100	100		30307125	-1	-1	100	100		30307008	-1	-1	100	100		30307152	-1	-1	100	100		30307004	-1	-1	100	100		30307076	-1	-1	100	100		30307126	-1	-1	100	100		30307009	-1	-1	100	100		30307005	-1	-1	100	100		30307010	-1	-1	100	100		30307187	-1	-1	100	100		30307188	-1	-1	100	100		0	-1	-1	100	100		0	-1	-1	100	100		0	1	-1	100	100		0	1	-1	100	100		0	1	-1	100	100		0	1	-1	100	100		0	1	-1	100	100		0	1	-1	100	100		0	1	-1	100	100		0	1	-1	100	100		0	1	-1	100	100		0	1	-1	100	100		0	1	-1	100	100		0	1	-1	100	100		0	1	-1	100	100		0	1	-1	100	100		0	1	-1	100	100		0	1	-1	100	100		0	1	-1	100	100		0	1	-1	100	100		0	1	-1	100	100		0	1	-1	100	100		0	1	-1	100	100		0	1	-1	100	100		0	1	-1	100	100		0	1	-1	100	100		0	1	-1	100	100		0	1	-1	100	100		0	1	-1	100	100		
57	40	0	1	9	1	1	1	0	1	100000	50	0		0	0	0	96	97	98	100	200	300	400	500	30307023	1	-1	100	100		30307038	1	-1	1000	100		30307053	1	-1	1000	100		30307080	-1	-1	100	100		30307098	-1	-1	100	100		30307133	-1	-1	100	100		30307121	-1	-1	100	100		30307160	-1	-1	100	100		30307099	-1	-1	100	100		30307081	-1	-1	100	100		30307039	-1	-1	100	100		30307024	-1	-1	100	100		30307054	-1	-1	100	100		30307134	-1	-1	100	100		30307122	-1	-1	100	100		30307149	-1	-1	100	100		30307082	-1	-1	100	100		30307100	-1	-1	100	100		30307055	-1	-1	100	100		30307135	-1	-1	100	100		30307123	-1	-1	100	100		30307040	-1	-1	100	100		30307025	-1	-1	100	100		0	1	-1	100	100		0	1	-1	100	100		0	1	-1	100	100		0	1	-1	100	100		0	1	-1	100	100		0	1	-1	100	100		0	1	-1	100	100		0	1	-1	100	100		0	1	-1	100	100		0	1	-1	100	100		0	1	-1	100	100		0	1	-1	100	100		0	1	-1	100	100		0	1	-1	100	100		0	1	-1	100	100		0	1	-1	100	100		0	1	-1	100	100		0	1	-1	100	100		0	1	-1	100	100		0	1	-1	100	100		0	1	-1	100	100		0	1	-1	100	100		0	1	-1	100	100		0	1	-1	100	100		0	1	-1	100	100		0	1	-1	100	100		
58	40	0	1	9	1	1	1	0	1	100000	50	0		0	0	0	96	97	98	100	200	300	400	500	30307029	1	-1	100	100		30307056	1	-1	1000	100		30307101	1	-1	1000	100		30307136	-1	-1	100	100		30307109	-1	-1	100	100		30307102	-1	-1	100	100		30307030	-1	-1	100	100		30307057	-1	-1	100	100		30307148	-1	-1	100	100		30307110	-1	-1	100	100		30307137	-1	-1	100	100		30307103	-1	-1	100	100		30307157	-1	-1	100	100		30307154	-1	-1	100	100		30307104	-1	-1	100	100		30307058	-1	-1	100	100		30307138	-1	-1	100	100		30307111	-1	-1	100	100		30307105	-1	-1	100	100		30307031	-1	-1	100	100		30307189	-1	-1	100	100		30307190	-1	-1	100	100		0	1	-1	100	100		0	1	-1	100	100		0	1	-1	100	100		0	1	-1	100	100		0	1	-1	100	100		0	1	-1	100	100		0	1	-1	100	100		0	1	-1	100	100		0	1	-1	100	100		0	1	-1	100	100		0	1	-1	100	100		0	1	-1	100	100		0	1	-1	100	100		0	1	-1	100	100		0	1	-1	100	100		0	1	-1	100	100		0	1	-1	100	100		0	1	-1	100	100		0	1	-1	100	100		0	1	-1	100	100		0	1	-1	100	100		0	1	-1	100	100		0	1	-1	100	100		0	1	-1	100	100		0	1	-1	100	100		0	1	-1	100	100		0	1	-1	100	100		
59	40	0	1	9	1	1	1	0	1	100000	50	0		0	0	0	96	97	98	100	200	300	400	500	30307017	1	-1	100	100		30307050	1	-1	100	100		30307069	1	-1	100	100		30307127	-1	-1	100	100		30307070	-1	-1	100	100		30307151	-1	-1	100	100		30307018	-1	-1	100	100		30307144	-1	-1	100	100		30307051	-1	-1	100	100		30307128	-1	-1	100	100		30307071	-1	-1	100	100		30307159	-1	-1	100	100		30307072	-1	-1	100	100		30307052	-1	-1	100	100		30307129	-1	-1	100	100		30307073	-1	-1	100	100		30307019	-1	-1	100	100		0	-1	-1	100	100		0	-1	-1	100	100		0	-1	-1	100	100		0	-1	-1	100	100		0	-1	-1	100	100		0	1	-1	100	100		0	1	-1	100	100		0	1	-1	100	100		0	1	-1	100	100		0	1	-1	100	100		0	1	-1	100	100		0	1	-1	100	100		0	1	-1	100	100		0	1	-1	100	100		0	1	-1	100	100		0	1	-1	100	100		0	1	-1	100	100		0	1	-1	100	100		0	1	-1	100	100		0	1	-1	100	100		0	1	-1	100	100		0	1	-1	100	100		0	1	-1	100	100		0	1	-1	100	100		0	1	-1	100	100		0	1	-1	100	100		0	1	-1	100	100		0	1	-1	100	100		0	1	-1	100	100		0	1	-1	100	100		0	1	-1	100	100		0	1	-1	100	100		
61	40	120	1	9	1	1	1	1	1	100000	50	0		0	0	0	96	97	98	100	200	300	400	500	20308001	1	-1	100	100		20308002	1	-1	100	100		20308011	1	-1	100	100		20308012	1	-1	100	100		20308021	1	-1	100	100		20308022	1	-1	100	100		20308031	1	-1	100	100		20308032	1	-1	100	100		20308041	1	-1	100	100		20308042	1	-1	100	100		20308051	1	-1	100	100		20308052	1	-1	100	100		0	-1	-1	100	100		0	-1	-1	100	100		0	-1	-1	100	100		0	-1	-1	100	100		0	-1	-1	100	100		0	-1	-1	100	100		0	-1	-1	100	100		0	-1	-1	100	100		0	-1	-1	100	100		0	-1	-1	100	100		0	1	-1	100	100		0	1	-1	100	100		0	1	-1	100	100		0	1	-1	100	100		0	1	-1	100	100		0	1	-1	100	100		0	1	-1	100	100		0	1	-1	100	100		0	1	-1	100	100		0	1	-1	100	100		0	1	-1	100	100		0	1	-1	100	100		0	1	-1	100	100		0	1	-1	100	100		0	1	-1	100	100		0	1	-1	100	100		0	1	-1	100	100		0	1	-1	100	100		0	1	-1	100	100		0	1	-1	100	100		0	1	-1	100	100		0	1	-1	100	100		0	1	-1	100	100		0	1	-1	100	100		0	1	-1	100	100		0	1	-1	100	100		0	1	-1	100	100		
62	40	120	1	9	1	1	1	1	1	100000	50	0		0	0	0	96	97	98	100	200	300	400	500	20308061	1	-1	100	100		20308062	1	-1	100	100		20308071	1	-1	100	100		20308072	1	-1	100	100		20308081	1	-1	100	100		20308082	1	-1	100	100		20308091	1	-1	100	100		20308092	1	-1	100	100		0	1	-1	100	100		0	1	-1	100	100		0	1	-1	100	100		0	1	-1	100	100		0	-1	-1	100	100		0	-1	-1	100	100		0	-1	-1	100	100		0	-1	-1	100	100		0	-1	-1	100	100		0	-1	-1	100	100		0	-1	-1	100	100		0	-1	-1	100	100		0	-1	-1	100	100		0	-1	-1	100	100		0	1	-1	100	100		0	1	-1	100	100		0	1	-1	100	100		0	1	-1	100	100		0	1	-1	100	100		0	1	-1	100	100		0	1	-1	100	100		0	1	-1	100	100		0	1	-1	100	100		0	1	-1	100	100		0	1	-1	100	100		0	1	-1	100	100		0	1	-1	100	100		0	1	-1	100	100		0	1	-1	100	100		0	1	-1	100	100		0	1	-1	100	100		0	1	-1	100	100		0	1	-1	100	100		0	1	-1	100	100		0	1	-1	100	100		0	1	-1	100	100		0	1	-1	100	100		0	1	-1	100	100		0	1	-1	100	100		0	1	-1	100	100		0	1	-1	100	100		
63	40	120	1	9	1	1	1	1	1	100000	50	0		0	0	0	96	97	98	100	200	300	400	500	20308101	1	-1	100	100		20308102	1	-1	100	100		20308111	1	-1	100	100		20308112	1	-1	100	100		20308121	1	-1	100	100		20308122	1	-1	100	100		0	1	-1	100	100		0	1	-1	100	100		0	1	-1	100	100		0	1	-1	100	100		0	1	-1	100	100		0	1	-1	100	100		0	-1	-1	100	100		0	-1	-1	100	100		0	-1	-1	100	100		0	-1	-1	100	100		0	-1	-1	100	100		0	-1	-1	100	100		0	-1	-1	100	100		0	-1	-1	100	100		0	-1	-1	100	100		0	-1	-1	100	100		0	1	-1	100	100		0	1	-1	100	100		0	1	-1	100	100		0	1	-1	100	100		0	1	-1	100	100		0	1	-1	100	100		0	1	-1	100	100		0	1	-1	100	100		0	1	-1	100	100		0	1	-1	100	100		0	1	-1	100	100		0	1	-1	100	100		0	1	-1	100	100		0	1	-1	100	100		0	1	-1	100	100		0	1	-1	100	100		0	1	-1	100	100		0	1	-1	100	100		0	1	-1	100	100		0	1	-1	100	100		0	1	-1	100	100		0	1	-1	100	100		0	1	-1	100	100		0	1	-1	100	100		0	1	-1	100	100		0	1	-1	100	100		0	1	-1	100	100		
64	40	120	1	9	1	1	1	1	1	100000	50	0		0	0	0	96	97	98	100	200	300	400	500	20308001	1	-1	100	100		20308002	1	-1	100	100		20308003	1	-1	100	100		20308011	1	-1	100	100		20308012	1	-1	100	100		20308013	1	-1	100	100		20308021	1	-1	100	100		20308022	1	-1	100	100		20308023	1	-1	100	100		20308031	1	-1	100	100		20308032	1	-1	100	100		20308033	1	-1	100	100		20308041	1	-1	100	100		20308042	1	-1	100	100		20308043	1	-1	100	100		20308051	1	-1	100	100		20308052	1	-1	100	100		20308053	1	-1	100	100		0	1	-1	100	100		0	-1	-1	100	100		0	-1	-1	100	100		0	-1	-1	100	100		0	-1	-1	100	100		0	-1	-1	100	100		0	-1	-1	100	100		0	-1	-1	100	100		0	-1	-1	100	100		0	-1	-1	100	100		0	1	-1	100	100		0	1	-1	100	100		0	1	-1	100	100		0	1	-1	100	100		0	1	-1	100	100		0	1	-1	100	100		0	1	-1	100	100		0	1	-1	100	100		0	1	-1	100	100		0	1	-1	100	100		0	1	-1	100	100		0	1	-1	100	100		0	1	-1	100	100		0	1	-1	100	100		0	1	-1	100	100		0	1	-1	100	100		0	1	-1	100	100		0	1	-1	100	100		0	1	-1	100	100		0	1	-1	100	100		0	1	-1	100	100		
65	40	120	1	9	1	1	1	1	1	100000	50	0		0	0	0	96	97	98	100	200	300	400	500	20308061	1	-1	100	100		20308062	1	-1	100	100		20308063	1	-1	100	100		20308071	1	-1	100	100		20308072	1	-1	100	100		20308073	1	-1	100	100		20308081	1	-1	100	100		20308082	1	-1	100	100		20308083	1	-1	100	100		20308091	1	-1	100	100		20308092	1	-1	100	100		20308093	1	-1	100	100		20308131	1	-1	100	100		20308132	1	-1	100	100		20308141	1	-1	100	100		20308142	1	-1	100	100		20308151	1	-1	100	100		20308152	-1	-1	100	100		0	-1	-1	100	100		0	-1	-1	100	100		0	-1	-1	100	100		0	-1	-1	100	100		0	-1	-1	100	100		0	-1	-1	100	100		0	-1	-1	100	100		0	-1	-1	100	100		0	1	-1	100	100		0	1	-1	100	100		0	1	-1	100	100		0	1	-1	100	100		0	1	-1	100	100		0	1	-1	100	100		0	1	-1	100	100		0	1	-1	100	100		0	1	-1	100	100		0	1	-1	100	100		0	1	-1	100	100		0	1	-1	100	100		0	1	-1	100	100		0	1	-1	100	100		0	1	-1	100	100		0	1	-1	100	100		0	1	-1	100	100		0	1	-1	100	100		0	1	-1	100	100		0	1	-1	100	100		0	1	-1	100	100		0	1	-1	100	100		0	1	-1	100	100		
66	40	120	1	9	1	1	1	1	1	100000	50	0		0	0	0	96	97	98	100	200	300	400	500	20308101	1	-1	100	100		20308102	1	-1	100	100		20308103	1	-1	100	100		20308111	1	-1	100	100		20308112	1	-1	100	100		20308113	1	-1	100	100		20308121	1	-1	100	100		20308122	1	-1	100	100		20308123	1	-1	100	100		0	1	-1	100	100		0	1	-1	100	100		0	1	-1	100	100		0	1	-1	100	100		0	1	-1	100	100		0	1	-1	100	100		0	-1	-1	100	100		0	-1	-1	100	100		0	-1	-1	100	100		0	-1	-1	100	100		0	-1	-1	100	100		0	-1	-1	100	100		0	-1	-1	100	100		0	-1	-1	100	100		0	-1	-1	100	100		0	-1	-1	100	100		0	1	-1	100	100		0	1	-1	100	100		0	1	-1	100	100		0	1	-1	100	100		0	1	-1	100	100		0	1	-1	100	100		0	1	-1	100	100		0	1	-1	100	100		0	1	-1	100	100		0	1	-1	100	100		0	1	-1	100	100		0	1	-1	100	100		0	1	-1	100	100		0	1	-1	100	100		0	1	-1	100	100		0	1	-1	100	100		0	1	-1	100	100		0	1	-1	100	100		0	1	-1	100	100		0	1	-1	100	100		0	1	-1	100	100		0	1	-1	100	100		0	1	-1	100	100		0	1	-1	100	100		
67	40	120	1	9	1	1	1	1	1	100000	50	0		0	0	0	96	97	98	100	200	300	400	500	20308003	1	-1	100	100		20308004	1	-1	100	100		20308013	1	-1	100	100		20308014	1	-1	100	100		20308023	1	-1	100	100		20308024	1	-1	100	100		20308033	1	-1	100	100		20308034	1	-1	100	100		20308043	1	-1	100	100		20308044	1	-1	100	100		20308053	1	-1	100	100		20308054	1	-1	100	100		0	1	-1	100	100		0	-1	-1	100	100		0	-1	-1	100	100		0	-1	-1	100	100		0	-1	-1	100	100		0	-1	-1	100	100		0	-1	-1	100	100		0	-1	-1	100	100		0	-1	-1	100	100		0	-1	-1	100	100		0	1	-1	100	100		0	1	-1	100	100		0	1	-1	100	100		0	1	-1	100	100		0	1	-1	100	100		0	1	-1	100	100		0	1	-1	100	100		0	1	-1	100	100		0	1	-1	100	100		0	1	-1	100	100		0	1	-1	100	100		0	1	-1	100	100		0	1	-1	100	100		0	1	-1	100	100		0	1	-1	100	100		0	1	-1	100	100		0	1	-1	100	100		0	1	-1	100	100		0	1	-1	100	100		0	1	-1	100	100		0	1	-1	100	100		0	1	-1	100	100		0	1	-1	100	100		0	1	-1	100	100		0	1	-1	100	100		0	1	-1	100	100		0	1	-1	100	100		
68	40	120	1	9	1	1	1	1	1	100000	50	0		0	0	0	96	97	98	100	200	300	400	500	20308063	1	-1	100	100		20308064	1	-1	100	100		20308073	1	-1	100	100		20308074	1	-1	100	100		20308083	1	-1	100	100		20308084	1	-1	100	100		20308093	1	-1	100	100		20308094	1	-1	100	100		20308143	1	-1	100	100		20308144	1	-1	100	100		20308153	-1	-1	100	100		20308154	1	-1	100	100		0	-1	-1	100	100		0	-1	-1	100	100		0	-1	-1	100	100		0	-1	-1	100	100		0	-1	-1	100	100		0	-1	-1	100	100		0	-1	-1	100	100		0	-1	-1	100	100		0	-1	-1	100	100		0	-1	-1	100	100		0	1	-1	100	100		0	1	-1	100	100		0	1	-1	100	100		0	1	-1	100	100		0	1	-1	100	100		0	1	-1	100	100		0	1	-1	100	100		0	1	-1	100	100		0	1	-1	100	100		0	1	-1	100	100		0	1	-1	100	100		0	1	-1	100	100		0	1	-1	100	100		0	1	-1	100	100		0	1	-1	100	100		0	1	-1	100	100		0	1	-1	100	100		0	1	-1	100	100		0	1	-1	100	100		0	1	-1	100	100		0	1	-1	100	100		0	1	-1	100	100		0	1	-1	100	100		0	1	-1	100	100		0	1	-1	100	100		0	1	-1	100	100		0	1	-1	100	100		
69	40	120	1	9	1	1	1	1	1	100000	50	0		0	0	0	96	97	98	100	200	300	400	500	20308103	1	-1	100	100		20308104	1	-1	100	100		20308113	1	-1	100	100		20308114	1	-1	100	100		20308123	1	-1	100	100		20308124	1	-1	100	100		0	1	-1	100	100		0	1	-1	100	100		0	1	-1	100	100		0	1	-1	100	100		0	1	-1	100	100		0	1	-1	100	100		0	-1	-1	100	100		0	-1	-1	100	100		0	-1	-1	100	100		0	-1	-1	100	100		0	-1	-1	100	100		0	-1	-1	100	100		0	-1	-1	100	100		0	-1	-1	100	100		0	-1	-1	100	100		0	-1	-1	100	100		0	1	-1	100	100		0	1	-1	100	100		0	1	-1	100	100		0	1	-1	100	100		0	1	-1	100	100		0	1	-1	100	100		0	1	-1	100	100		0	1	-1	100	100		0	1	-1	100	100		0	1	-1	100	100		0	1	-1	100	100		0	1	-1	100	100		0	1	-1	100	100		0	1	-1	100	100		0	1	-1	100	100		0	1	-1	100	100		0	1	-1	100	100		0	1	-1	100	100		0	1	-1	100	100		0	1	-1	100	100		0	1	-1	100	100		0	1	-1	100	100		0	1	-1	100	100		0	1	-1	100	100		0	1	-1	100	100		0	1	-1	100	100		0	1	-1	100	100		
70	40	120	1	9	1	1	1	1	1	100000	50	0		0	0	0	96	97	98	100	200	300	400	500	10100001	1	-1	100	100		10101001	1	-1	100	100		10102001	1	-1	100	100		10103001	1	-1	100	100		10104001	1	-1	100	100		10105001	1	-1	100	100		30300001	1	-1	100	100		30300011	1	-1	100	100		30300021	1	-1	100	100		30300031	1	-1	100	100		30300041	1	-1	100	100		30300051	1	-1	100	100		0	-1	-1	100	100		0	-1	-1	100	100		0	-1	-1	100	100		0	-1	-1	100	100		0	-1	-1	100	100		0	-1	-1	100	100		0	-1	-1	100	100		0	-1	-1	100	100		0	-1	-1	100	100		0	-1	-1	100	100		0	1	-1	100	100		0	1	-1	100	100		0	1	-1	100	100		0	1	-1	100	100		0	1	-1	100	100		0	1	-1	100	100		0	1	-1	100	100		0	1	-1	100	100		0	1	-1	100	100		0	1	-1	100	100		0	1	-1	100	100		0	1	-1	100	100		0	1	-1	100	100		0	1	-1	100	100		0	1	-1	100	100		0	1	-1	100	100		0	1	-1	100	100		0	1	-1	100	100		0	1	-1	100	100		0	1	-1	100	100		0	1	-1	100	100		0	1	-1	100	100		0	1	-1	100	100		0	1	-1	100	100		0	1	-1	100	100		0	1	-1	100	100		0	1	-1	100	100		
71	40	120	1	9	1	1	1	1	1	100000	50	0		0	0	0	96	97	98	100	200	300	400	500	10110001	1	-1	100	100		10110002	1	-1	100	100		10110003	1	-1	100	100		10111001	1	-1	100	100		10111002	1	-1	100	100		10111003	1	-1	100	100		10112001	1	-1	100	100		10112002	1	-1	100	100		10112003	1	-1	100	100		10113001	1	-1	100	100		10113002	1	-1	100	100		10113003	1	-1	100	100		10121001	1	-1	100	100		30301001	1	-1	100	100		30301011	1	-1	100	100		30301021	1	-1	100	100		30301031	1	-1	100	100		30301041	1	-1	100	100		30301051	1	-1	100	100		30301061	1	-1	100	100		30301071	1	-1	100	100		30301081	1	-1	100	100		30301091	1	-1	100	100		30301101	1	-1	100	100		30301111	1	-1	100	100		30301121	1	-1	100	100		30301131	1	-1	100	100		30301141	1	-1	100	100		30301042	1	-1	100	100		30301052	1	-1	100	100		30301062	1	-1	100	100		30301043	1	-1	100	100		30301053	1	-1	100	100		30301063	1	-1	100	100		0	1	-1	100	100		0	1	-1	100	100		0	1	-1	100	100		0	1	-1	100	100		0	1	-1	100	100		0	1	-1	100	100		0	1	-1	100	100		0	1	-1	100	100		0	1	-1	100	100		0	1	-1	100	100		0	1	-1	100	100		0	1	-1	100	100		0	1	-1	100	100		0	1	-1	100	100		0	1	-1	100	100		
72	40	120	1	9	1	1	1	1	1	100000	50	0		0	0	0	96	97	98	100	200	300	400	500	10120001	1	-1	100	100		10122001	1	-1	100	100		10121001	1	-1	100	100		30302001	1	-1	100	100		30302011	1	-1	100	100		30302021	1	-1	100	100		0	1	-1	100	100		0	1	-1	100	100		0	1	-1	100	100		0	1	-1	100	100		0	1	-1	100	100		0	1	-1	100	100		0	-1	-1	100	100		0	-1	-1	100	100		0	-1	-1	100	100		0	-1	-1	100	100		0	-1	-1	100	100		0	-1	-1	100	100		0	-1	-1	100	100		0	-1	-1	100	100		0	-1	-1	100	100		0	-1	-1	100	100		0	1	-1	100	100		0	1	-1	100	100		0	1	-1	100	100		0	1	-1	100	100		0	1	-1	100	100		0	1	-1	100	100		0	1	-1	100	100		0	1	-1	100	100		0	1	-1	100	100		0	1	-1	100	100		0	1	-1	100	100		0	1	-1	100	100		0	1	-1	100	100		0	1	-1	100	100		0	1	-1	100	100		0	1	-1	100	100		0	1	-1	100	100		0	1	-1	100	100		0	1	-1	100	100		0	1	-1	100	100		0	1	-1	100	100		0	1	-1	100	100		0	1	-1	100	100		0	1	-1	100	100		0	1	-1	100	100		0	1	-1	100	100		0	1	-1	100	100		
73	40	120	1	9	1	1	1	1	1	100000	50	0		0	0	0	96	97	98	100	200	300	400	500	10100031	1	-1	100	100		10102012	1	-1	100	100		10102013	1	-1	100	100		0	1	-1	100	100		0	1	-1	100	100		0	1	-1	100	100		0	1	-1	100	100		0	1	-1	100	100		0	1	-1	100	100		0	1	-1	100	100		0	1	-1	100	100		0	1	-1	100	100		0	-1	-1	100	100		0	-1	-1	100	100		0	-1	-1	100	100		0	-1	-1	100	100		0	-1	-1	100	100		0	-1	-1	100	100		0	-1	-1	100	100		0	-1	-1	100	100		0	-1	-1	100	100		0	-1	-1	100	100		0	1	-1	100	100		0	1	-1	100	100		0	1	-1	100	100		0	1	-1	100	100		0	1	-1	100	100		0	1	-1	100	100		0	1	-1	100	100		0	1	-1	100	100		0	1	-1	100	100		0	1	-1	100	100		0	1	-1	100	100		0	1	-1	100	100		0	1	-1	100	100		0	1	-1	100	100		0	1	-1	100	100		0	1	-1	100	100		0	1	-1	100	100		0	1	-1	100	100		0	1	-1	100	100		0	1	-1	100	100		0	1	-1	100	100		0	1	-1	100	100		0	1	-1	100	100		0	1	-1	100	100		0	1	-1	100	100		0	1	-1	100	100		0	1	-1	100	100		
74	40	120	1	9	1	1	1	1	1	3600000	50	0		0	1	0	96	97	98	100	200	300	400	500	30509001	1	1	100	100		30509002	1	1	100	100		30509003	1	1	100	100		30509005	1	1	100	100		30509006	1	1	100	100		0	1	1	100	100		0	1	-1	100	100		0	1	-1	100	100		0	-1	-1	100	100		0	-1	-1	100	100		0	-1	-1	100	100		0	-1	-1	100	100		0	-1	-1	100	100		0	-1	-1	100	100		0	-1	-1	100	100		0	-1	-1	100	100		0	-1	-1	100	100		0	-1	-1	100	100		0	-1	-1	100	100		0	-1	-1	100	100		0	-1	-1	100	100		0	-1	-1	100	100		0	1	-1	100	100		0	1	-1	100	100		0	1	-1	100	100		0	1	-1	100	100		0	1	-1	100	100		0	1	-1	100	100		0	1	-1	100	100		0	1	-1	100	100		0	1	-1	100	100		0	1	-1	100	100		0	1	-1	100	100		0	1	-1	100	100		0	1	-1	100	100		0	1	-1	100	100		0	1	-1	100	100		0	1	-1	100	100		0	1	-1	100	100		0	1	-1	100	100		0	1	-1	100	100		0	1	-1	100	100		0	1	-1	100	100		0	1	-1	100	100		0	1	-1	100	100		0	1	-1	100	100		0	1	-1	100	100		0	1	-1	100	100		0	1	-1	100	100		
75	40	0	1	8	1	1	6	0	1	600000	50	0		0	0	0	96	97	98	100	200	300	400	500	20108004	1	-1	3	100		20108016	1	-1	3	100		20108028	1	-1	3	100		20108040	1	-1	3	100		20108052	1	-1	3	100		20108064	1	-1	3	100		20107007	1	-1	3	100		20108112	1	-1	3	100		20108088	1	-1	3	100		20108100	1	-1	3	100		20108076	1	-1	3	100		20108124	1	-1	3	100		20108136	1	-1	3	100		20108148	1	-1	3	100		20108160	1	-1	3	100		20108172	1	-1	3	100		20106004	1	-1	3	100		20107008	1	-1	3	100		0	1	-1	100	100		0	1	-1	100	100		0	1	-1	100	100		0	-1	-1	100	100		0	1	-1	100	100		0	1	-1	100	100		0	1	-1	100	100		0	1	-1	100	100		0	1	-1	100	100		0	1	-1	100	100		0	1	-1	100	100		0	1	-1	100	100		0	1	-1	100	100		0	1	-1	100	100		0	1	-1	100	100		0	1	-1	100	100		0	1	-1	100	100		0	1	-1	100	100		0	1	-1	100	100		0	1	-1	100	100		0	1	-1	100	100		0	1	-1	100	100		0	1	-1	100	100		0	1	-1	100	100		0	1	-1	100	100		0	1	-1	100	100		0	1	-1	100	100		0	1	-1	100	100		0	1	-1	100	100		0	1	-1	100	100		0	1	-1	100	100		
76	40	0	1	8	1	1	6	0	1	600000	50	0		0	0	0	96	97	98	100	200	300	400	500	20108005	1	-1	3	100		20108017	1	-1	3	100		20108029	1	-1	3	100		20108041	1	-1	3	100		20108053	1	-1	3	100		20108065	1	-1	3	100		20107009	1	-1	3	100		20108113	1	-1	3	100		20108089	1	-1	3	100		20108101	1	-1	3	100		20108077	1	-1	3	100		20108125	1	-1	3	100		20108137	1	-1	3	100		20108149	1	-1	3	100		20108161	1	-1	3	100		20108173	1	-1	3	100		20106005	1	-1	3	100		20107010	1	-1	3	100		0	1	-1	100	100		0	1	-1	100	100		0	1	-1	100	100		0	-1	-1	100	100		0	1	-1	100	100		0	1	-1	100	100		0	1	-1	100	100		0	1	-1	100	100		0	1	-1	100	100		0	1	-1	100	100		0	1	-1	100	100		0	1	-1	100	100		0	1	-1	100	100		0	1	-1	100	100		0	1	-1	100	100		0	1	-1	100	100		0	1	-1	100	100		0	1	-1	100	100		0	1	-1	100	100		0	1	-1	100	100		0	1	-1	100	100		0	1	-1	100	100		0	1	-1	100	100		0	1	-1	100	100		0	1	-1	100	100		0	1	-1	100	100		0	1	-1	100	100		0	1	-1	100	100		0	1	-1	100	100		0	1	-1	100	100		0	1	-1	100	100		
77	40	0	1	8	1	1	6	0	1	600000	50	0		0	0	0	96	97	98	100	200	300	400	500	20108006	1	-1	3	100		20108018	1	-1	3	100		20108030	1	-1	3	100		20108042	1	-1	3	100		20108054	1	-1	3	100		20108066	1	-1	3	100		20107011	1	-1	3	100		20108114	1	-1	3	100		20108090	1	-1	3	100		20108102	1	-1	3	100		20108078	1	-1	3	100		20108126	1	-1	3	100		20108138	1	-1	3	100		20108150	1	-1	3	100		20108162	1	-1	3	100		20108174	1	-1	3	100		20106006	1	-1	3	100		20107012	1	-1	3	100		0	1	-1	100	100		0	1	-1	100	100		0	1	-1	100	100		0	-1	-1	100	100		0	1	-1	100	100		0	1	-1	100	100		0	1	-1	100	100		0	1	-1	100	100		0	1	-1	100	100		0	1	-1	100	100		0	1	-1	100	100		0	1	-1	100	100		0	1	-1	100	100		0	1	-1	100	100		0	1	-1	100	100		0	1	-1	100	100		0	1	-1	100	100		0	1	-1	100	100		0	1	-1	100	100		0	1	-1	100	100		0	1	-1	100	100		0	1	-1	100	100		0	1	-1	100	100		0	1	-1	100	100		0	1	-1	100	100		0	1	-1	100	100		0	1	-1	100	100		0	1	-1	100	100		0	1	-1	100	100		0	1	-1	100	100		0	1	-1	100	100		
78	40	0	1	8	1	1	6	0	1	600000	50	0		0	0	0	96	97	98	100	200	300	400	500	20108007	1	-1	4	100		20108019	1	-1	4	100		20108031	1	-1	4	100		20108043	1	-1	4	100		20108055	1	-1	4	100		20108067	1	-1	4	100		20107013	1	-1	4	100		20108115	1	-1	4	100		20108091	1	-1	4	100		20108103	1	-1	4	100		20108079	1	-1	4	100		20108127	1	-1	4	100		20108139	1	-1	4	100		20108151	1	-1	4	100		20108163	1	-1	4	100		20108175	1	-1	4	100		20106007	1	-1	4	100		20107014	1	-1	4	100		0	1	-1	100	100		0	1	-1	100	100		0	1	-1	100	100		0	-1	-1	100	100		0	1	-1	100	100		0	1	-1	100	100		0	1	-1	100	100		0	1	-1	100	100		0	1	-1	100	100		0	1	-1	100	100		0	1	-1	100	100		0	1	-1	100	100		0	1	-1	100	100		0	1	-1	100	100		0	1	-1	100	100		0	1	-1	100	100		0	1	-1	100	100		0	1	-1	100	100		0	1	-1	100	100		0	1	-1	100	100		0	1	-1	100	100		0	1	-1	100	100		0	1	-1	100	100		0	1	-1	100	100		0	1	-1	100	100		0	1	-1	100	100		0	1	-1	100	100		0	1	-1	100	100		0	1	-1	100	100		0	1	-1	100	100		0	1	-1	100	100		
79	40	0	1	8	1	1	6	0	1	600000	50	0		0	0	0	96	97	98	100	200	300	400	500	20108008	1	-1	4	100		20108020	1	-1	4	100		20108032	1	-1	4	100		20108044	1	-1	4	100		20108056	1	-1	4	100		20108068	1	-1	4	100		20107015	1	-1	4	100		20108116	1	-1	4	100		20108092	1	-1	4	100		20108104	1	-1	4	100		20108080	1	-1	4	100		20108128	1	-1	4	100		20108140	1	-1	4	100		20108152	1	-1	4	100		20108164	1	-1	4	100		20108176	1	-1	4	100		20106008	1	-1	4	100		20107016	1	-1	4	100		0	1	-1	100	100		0	1	-1	100	100		0	1	-1	100	100		0	-1	-1	100	100		0	1	-1	100	100		0	1	-1	100	100		0	1	-1	100	100		0	1	-1	100	100		0	1	-1	100	100		0	1	-1	100	100		0	1	-1	100	100		0	1	-1	100	100		0	1	-1	100	100		0	1	-1	100	100		0	1	-1	100	100		0	1	-1	100	100		0	1	-1	100	100		0	1	-1	100	100		0	1	-1	100	100		0	1	-1	100	100		0	1	-1	100	100		0	1	-1	100	100		0	1	-1	100	100		0	1	-1	100	100		0	1	-1	100	100		0	1	-1	100	100		0	1	-1	100	100		0	1	-1	100	100		0	1	-1	100	100		0	1	-1	100	100		0	1	-1	100	100		
101	40	0	1	9	1	1	1	0	1	3600000	5	1	../Public/Config/RandShop/randgemshop.ini	0	1	0	96	97	98	100	200	300	400	500	0	1	-1	100	100		0	1	-1	100	100		
102	40	0	1	9	1	1	1	0	1	100000	50	0		0	0	0	96	97	98	100	200	300	400	500	30402005	1	-1	100	100		30402006	1	-1	100	100		30402007	1	-1	100	100		30402008	1	-1	100	100		30402009	1	-1	100	100		30402010	1	-1	100	100		30402011	1	-1	100	100		30402013	1	-1	100	100		30402015	1	-1	100	100		30402017	1	-1	100	100		30402019	1	-1	100	100		30402071	1	-1	100	100		0	1	-1	100	100		0	1	-1	100	100		
103	40	0	1	9	1	1	1	0	1	3600000	5	1	../Public/Config/RandShop/dazaotu.ini	0	1	0	96	97	98	100	200	300	400	500	0	1	-1	100	100		0	1	-1	100	100		
104	40	0	1	9	1	1	2	0	1	1500000	10	1	../Public/Config/RandShop/shanedian.ini	0	1	0	96	97	98	100	200	300	400	500	0	1	-1	100	100		0	1	-1	100	100		
105	40	120	1	9	1	1	1	1	1	100000	50	0		0	0	0	96	97	98	100	200	300	400	500	0	1	-1	100	100		0	1	-1	100	100		
106	40	0	1	9	1	1	2	0	1	600000	5	1	../Public/Config/RandShop/shide.ini	0	1	0	96	97	98	100	200	300	400	500	0	1	-1	100	100		0	1	-1	100	100		
107	40	0	1	9	1	1	1	0	1	7200000	50	0		0	0	0	96	97	98	100	200	300	400	500	20308005	1	1	100	100		20308015	1	1	100	100		20308025	1	1	100	100		20308035	1	1	100	100		20308045	1	1	100	100		20308055	1	1	100	100		20308065	1	1	100	100		20308075	1	1	100	100		20308085	1	1	100	100		20308095	1	1	100	100		20308105	1	1	100	100		20308115	1	1	100	100		20308125	1	1	100	100		20308135	1	1	100	100		20308145	1	1	100	100		20308155	1	1	100	100		0	-1	-1	100	100		0	-1	-1	100	100		0	-1	-1	100	100		0	-1	-1	100	100		0	-1	-1	100	100		0	-1	-1	100	100		0	1	-1	100	100		0	1	-1	100	100		0	1	-1	100	100		0	1	-1	100	100		0	1	-1	100	100		0	1	-1	100	100		0	1	-1	100	100		0	1	-1	100	100		0	1	-1	100	100		0	1	-1	100	100		0	1	-1	100	100		0	1	-1	100	100		0	1	-1	100	100		0	1	-1	100	100		0	1	-1	100	100		0	1	-1	100	100		0	1	-1	100	100		0	1	-1	100	100		0	1	-1	100	100		0	1	-1	100	100		0	1	-1	100	100		0	1	-1	100	100		0	1	-1	100	100		0	1	-1	100	100		0	1	-1	100	100		0	1	-1	100	100		0	1	-1	100	100		
108	40	0	1	9	1	1	1	0	1	7200000	50	0		0	0	0	96	97	98	100	200	300	400	500	20308006	1	1	100	100		20308016	1	1	100	100		20308026	1	1	100	100		20308036	1	1	100	100		20308046	1	1	100	100		20308056	1	1	100	100		20308066	1	1	100	100		20308076	1	1	100	100		20308086	1	1	100	100		20308096	1	1	100	100		20308106	1	1	100	100		20308116	1	1	100	100		20308126	1	1	100	100		20308136	1	1	100	100		20308146	1	1	100	100		20308156	1	1	100	100		0	-1	-1	100	100		0	-1	-1	100	100		0	-1	-1	100	100		0	-1	-1	100	100		0	-1	-1	100	100		0	-1	-1	100	100		0	1	-1	100	100		0	1	-1	100	100		0	1	-1	100	100		0	1	-1	100	100		0	1	-1	100	100		0	1	-1	100	100		0	1	-1	100	100		0	1	-1	100	100		0	1	-1	100	100		0	1	-1	100	100		0	1	-1	100	100		0	1	-1	100	100		0	1	-1	100	100		0	1	-1	100	100		0	1	-1	100	100		0	1	-1	100	100		0	1	-1	100	100		0	1	-1	100	100		0	1	-1	100	100		0	1	-1	100	100		0	1	-1	100	100		0	1	-1	100	100		0	1	-1	100	100		0	1	-1	100	100		0	1	-1	100	100		0	1	-1	100	100		0	1	-1	100	100		
109	40	0	1	8	1	1	6	0	1	600000	50	0		0	0	0	96	97	98	100	200	300	400	500	20108001	1	-1	2	100		20108013	1	-1	2	100		20108025	1	-1	2	100		20108037	1	-1	2	100		20108049	1	-1	2	100		20108061	1	-1	2	100		20107001	1	-1	2	100		20108109	1	-1	2	100		20108085	1	-1	2	100		20108097	1	-1	2	100		20108073	1	-1	2	100		20108121	1	-1	2	100		20108133	1	-1	2	100		20108145	1	-1	2	100		20108157	1	-1	2	100		20108169	1	-1	2	100		20106001	1	-1	2	100		20107002	1	-1	2	100		0	1	-1	100	100		0	1	-1	100	100		0	1	-1	100	100		0	-1	-1	100	100		0	1	-1	100	100		0	1	-1	100	100		0	1	-1	100	100		0	1	-1	100	100		0	1	-1	100	100		0	1	-1	100	100		0	1	-1	100	100		0	1	-1	100	100		0	1	-1	100	100		0	1	-1	100	100		0	1	-1	100	100		0	1	-1	100	100		0	1	-1	100	100		0	1	-1	100	100		0	1	-1	100	100		0	1	-1	100	100		0	1	-1	100	100		0	1	-1	100	100		0	1	-1	100	100		0	1	-1	100	100		0	1	-1	100	100		0	1	-1	100	100		0	1	-1	100	100		0	1	-1	100	100		0	1	-1	100	100		0	1	-1	100	100		0	1	-1	100	100		
110	40	0	1	8	1	1	6	0	1	600000	50	0		0	0	0	96	97	98	100	200	300	400	500	20108002	1	-1	2	100		20108014	1	-1	2	100		20108026	1	-1	2	100		20108038	1	-1	2	100		20108050	1	-1	2	100		20108062	1	-1	2	100		20107003	1	-1	2	100		20108110	1	-1	2	100		20108086	1	-1	2	100		20108098	1	-1	2	100		20108074	1	-1	2	100		20108122	1	-1	2	100		20108134	1	-1	2	100		20108146	1	-1	2	100		20108158	1	-1	2	100		20108170	1	-1	2	100		20106002	1	-1	2	100		20107004	1	-1	2	100		0	1	-1	100	100		0	1	-1	100	100		0	1	-1	100	100		0	-1	-1	100	100		0	1	-1	100	100		0	1	-1	100	100		0	1	-1	100	100		0	1	-1	100	100		0	1	-1	100	100		0	1	-1	100	100		0	1	-1	100	100		0	1	-1	100	100		0	1	-1	100	100		0	1	-1	100	100		0	1	-1	100	100		0	1	-1	100	100		0	1	-1	100	100		0	1	-1	100	100		0	1	-1	100	100		0	1	-1	100	100		0	1	-1	100	100		0	1	-1	100	100		0	1	-1	100	100		0	1	-1	100	100		0	1	-1	100	100		0	1	-1	100	100		0	1	-1	100	100		0	1	-1	100	100		0	1	-1	100	100		0	1	-1	100	100		0	1	-1	100	100		
111	40	0	1	8	1	1	6	0	1	600000	50	0		0	0	0	96	97	98	100	200	300	400	500	20108003	1	-1	2	100		20108015	1	-1	2	100		20108027	1	-1	2	100		20108039	1	-1	2	100		20108051	1	-1	2	100		20108063	1	-1	2	100		20107005	1	-1	2	100		20108111	1	-1	2	100		20108087	1	-1	2	100		20108099	1	-1	2	100		20108075	1	-1	2	100		20108123	1	-1	2	100		20108135	1	-1	2	100		20108147	1	-1	2	100		20108159	1	-1	2	100		20108171	1	-1	2	100		20106003	1	-1	2	100		20107006	1	-1	2	100		0	1	-1	100	100		0	1	-1	100	100		0	1	-1	100	100		0	-1	-1	100	100		0	1	-1	100	100		0	1	-1	100	100		0	1	-1	100	100		0	1	-1	100	100		0	1	-1	100	100		0	1	-1	100	100		0	1	-1	100	100		0	1	-1	100	100		0	1	-1	100	100		0	1	-1	100	100		0	1	-1	100	100		0	1	-1	100	100		0	1	-1	100	100		0	1	-1	100	100		0	1	-1	100	100		0	1	-1	100	100		0	1	-1	100	100		0	1	-1	100	100		0	1	-1	100	100		0	1	-1	100	100		0	1	-1	100	100		0	1	-1	100	100		0	1	-1	100	100		0	1	-1	100	100		0	1	-1	100	100		0	1	-1	100	100		0	1	-1	100	100		
120	40	0	1	8	1	1	5	0	1	600000	50	0		0	0	0	96	97	98	100	200	300	400	500	38001875	1	-1	1000	100		30505107	1	-1	1000	100		30505107	10	-1	10000	100		30503149	1	-1	800	100		20310169	10	-1	500	100		20502009	10	-1	500	100		30503150	1	-1	1000	100		30008014	1	-1	500	100		30103042	1	-1	1	100		30008121	1	-1	488	100		30008123	1	-1	10	100		30008029	1	-1	50	100		30008029	11	-1	500	100		30503117	1	-1	40	100		30503121	1	-1	120	100		30503120	1	-1	168	100		30503119	1	-1	80	100		30503118	1	-1	400	100		30503115	1	-1	120	100		30008019	1	-1	5000	100		30008030	1	-1	1	100		30700204	1	-1	400	100		30008105	1	-1	100000	100		30008104	1	-1	100000	100		30501122	1	-1	1000	100		30501118	1	-1	1000	100		30501119	1	-1	1000	100		30501120	1	-1	1000	100		30501121	1	-1	1000	100		30501123	1	-1	1000	100		20502002	1	-1	500	100		20502002	10	-1	5000	100		20502003	1	-1	500	100		20502003	10	-1	5000	100		20310166	1	-1	200	100		20310166	20	-1	2000	100		
121	40	0	1	8	1	1	5	0	1	600000	50	0		0	0	0	96	97	98	100	200	300	400	500	30700236	20	-1	2000	100		30700233	1	-1	1	100		30700214	1	-1	200	100		30700215	1	-1	200	100		30700216	1	-1	200	100		30700217	1	-1	200	100		30700218	1	-1	1360	100		30700219	1	-1	1360	100		30700220	1	-1	1360	100		30700221	1	-1	1360	100		30700222	1	-1	1360	100		30700223	1	-1	1360	100		30700224	1	-1	1360	100		30700225	1	-1	1360	100		30700243	1	-1	100	100		30700240	1	-1	396	100		30700240	10	-1	3960	100		20310158	1	-1	100	100		20310159	1	-1	200	100		20310117	1	-1	96	100		20310118	1	-1	480	100		20310119	1	-1	2400	100		20310120	1	-1	12000	100		20310122	1	-1	198	100		20310122	10	-1	1980	100		20310125	1	-1	5346	100		20310125	10	-1	53460	100		20310131	1	-1	198	100		20310131	10	-1	1980	100		20310134	1	-1	5346	100		20310134	10	-1	53460	100		20310140	1	-1	198	100		20310140	10	-1	1980	100		20310143	1	-1	5346	100		20310143	10	-1	53460	100		20310149	1	-1	400	100		20310149	10	-1	4000	100		20310152	1	-1	10800	100		20310152	10	-1	108000	100		30700213	1	-1	200	100		
122	40	0	1	8	1	1	5	0	1	600000	50	0		0	0	0	96	97	98	100	200	300	400	500	30503134	1	-1	150	10		30503135	1	-1	130	10		30503136	1	-1	130	10		30503140	1	-1	1000	10		30503140	10	-1	10000	10		20307101	1	-1	100	10		30008020	1	-1	100	10		30008039	1	-1	100	10		20307001	1	-1	100	10		30503183	1	-1	1000	100		30503184	1	-1	1000	100		30503185	1	-1	1000	100		30503186	1	-1	1000	100		30503190	1	-1	1000	100		30503191	1	-1	1000	100		30503192	1	-1	1000	100		30503201	1	-1	1000	100		30900200	1	-1	300	100		30900200	10	-1	3000	100		30505909	1	-1	10000	100		30505800	1	-1	1000	100		30505801	1	-1	2000	100		30505802	1	-1	3000	100		30505803	1	-1	4000	100		30505804	1	-1	5000	100		30505805	1	-1	6000	100		30505806	1	-1	7000	100		
123	40	0	1	8	1	1	5	0	1	600000	50	0		0	0	0	96	97	98	100	200	300	400	500	30120043	1	-1	100	100		30120044	1	-1	100	100		30120045	1	-1	100	100		30120046	1	-1	100	100		30120047	1	-1	100	100		30120066	1	-1	100	100		30120067	1	-1	100	100		30120068	1	-1	100	100		30120069	1	-1	100	100		30120070	1	-1	100	100		30120071	1	-1	100	100		30120072	1	-1	100	100		30120073	1	-1	100	100		30120082	1	-1	100	100		30120083	1	-1	100	100		30120084	1	-1	100	100		30120085	1	-1	100	100		30120048	1	-1	100	100		30120049	1	-1	100	100		30120050	1	-1	100	100		30120051	1	-1	100	100		30120052	1	-1	100	100		30120053	1	-1	100	100		30120054	1	-1	100	100		30120055	1	-1	100	100		30120056	1	-1	100	100		30120074	1	-1	100	100		30120075	1	-1	100	100		30120076	1	-1	100	100		30120077	1	-1	100	100		30120086	1	-1	100	100		30120087	1	-1	100	100		30120088	1	-1	100	100		30120089	1	-1	100	100		30120012	1	-1	100	100		30120013	1	-1	100	100		30120014	1	-1	100	100		30120015	1	-1	100	100		30120016	1	-1	100	100		30120017	1	-1	100	100		30120018	1	-1	100	100		30120019	1	-1	100	100		30120020	1	-1	100	100		30120021	1	-1	100	100		
124	40	0	1	8	1	1	5	0	1	600000	50	0		0	0	0	96	97	98	100	200	300	400	500	30120001	1	-1	100	100		30120002	1	-1	100	100		30120095	1	-1	100	100		30120003	1	-1	100	100		30120137	1	-1	100	100		30120138	1	-1	100	100		30120139	1	-1	100	100		30120140	1	-1	100	100		30120141	1	-1	100	100		30120142	1	-1	100	100		30120143	1	-1	100	100		30120144	1	-1	100	100		30120004	1	-1	100	100		30120005	1	-1	100	100		30120006	1	-1	100	100		30120007	1	-1	100	100		30120033	1	-1	1000	100		30120034	1	-1	1000	100		30120035	1	-1	1000	100		30120036	1	-1	1000	100		30120037	1	-1	1000	100		30120038	1	-1	1000	100		30120133	1	-1	1000	100		30120134	1	-1	1000	100		30120135	1	-1	1000	100		30120136	1	-1	1000	100		
125	40	0	1	8	1	1	5	0	1	600000	50	0		0	0	0	96	97	98	100	200	300	400	500	30120008	1	-1	100	100		30120009	1	-1	100	100		30120125	1	-1	100	100		30120126	1	-1	100	100		30120127	1	-1	100	100		30120128	1	-1	100	100		30120010	1	-1	100	100		30120011	1	-1	100	100		30120129	1	-1	100	100		30120130	1	-1	100	100		30120131	1	-1	100	100		30120132	1	-1	100	100		30120022	1	-1	100	100		30120023	1	-1	100	100		30120024	1	-1	100	100		30120025	1	-1	100	100		30120026	1	-1	100	100		30120027	1	-1	100	100		30120028	1	-1	100	100		30120029	1	-1	100	100		30120030	1	-1	100	100		30120113	1	-1	100	100		30120114	1	-1	100	100		30120115	1	-1	100	100		30120116	1	-1	100	100		30120031	1	-1	100	100		30120032	1	-1	100	100		30120041	1	-1	100	100		30120117	1	-1	100	100		30120118	1	-1	100	100		30120119	1	-1	100	100		30120120	1	-1	100	100		30120039	1	-1	100	100		30120040	1	-1	100	100		30120042	1	-1	100	100		30120094	1	-1	100	100		30120121	1	-1	100	100		30120122	1	-1	100	100		30120123	1	-1	100	100		30120124	1	-1	100	100		
126	40	0	1	8	1	1	5	0	1	600000	50	0		0	0	0	96	97	98	100	200	300	400	500	50313006	1	-1	180	100		50301001	1	-1	180	100		50301002	1	-1	180	100		50302005	1	-1	230	100		50302006	1	-1	230	100		50302007	1	-1	230	100		50302008	1	-1	230	100		50303001	1	-1	180	100		50304002	1	-1	180	100		50311001	1	-1	180	100		50311002	1	-1	180	100		50312005	1	-1	230	100		50312006	1	-1	230	100		50312007	1	-1	230	100		50312008	1	-1	230	100		50313001	1	-1	180	100		50313002	1	-1	180	100		50313003	1	-1	180	100		50313004	1	-1	180	100		50313005	1	-1	180	100		50314001	1	-1	180	100		
127	40	0	1	8	1	1	5	0	1	600000	50	0		0	0	0	96	97	98	100	200	300	400	500	50413006	1	-1	900	100		50401001	1	-1	900	100		50401002	1	-1	900	100		50402005	1	-1	1150	100		50402006	1	-1	1150	100		50402007	1	-1	1150	100		50402008	1	-1	1150	100		50403001	1	-1	900	100		50404002	1	-1	900	100		50411001	1	-1	900	100		50411002	1	-1	900	100		50412005	1	-1	1150	100		50412006	1	-1	1150	100		50412007	1	-1	1150	100		50412008	1	-1	1150	100		50413001	1	-1	900	100		50413002	1	-1	900	100		50413003	1	-1	900	100		50413004	1	-1	900	100		50413005	1	-1	900	100		50414001	1	-1	900	100		
128	40	0	1	8	1	1	5	0	1	600000	50	0		0	0	0	96	97	98	100	200	300	400	500	50613006	1	-1	22500	100		50601001	1	-1	22500	100		50601002	1	-1	22500	100		50602005	1	-1	28750	100		50602006	1	-1	28750	100		50602007	1	-1	28750	100		50602008	1	-1	28750	100		50603001	1	-1	22250	100		50604002	1	-1	22250	100		50611001	1	-1	22500	100		50611002	1	-1	22500	100		50612005	1	-1	28750	100		50612006	1	-1	28750	100		50612007	1	-1	28750	100		50612008	1	-1	28750	100		50613001	1	-1	22500	100		50613002	1	-1	22500	100		50613003	1	-1	22500	100		50613004	1	-1	22500	100		50613005	1	-1	22500	100		50614001	1	-1	22500	100		50713006	1	-1	111250	100		50701001	1	-1	111250	100		50701002	1	-1	111250	100		50702005	1	-1	143750	100		50702006	1	-1	143750	100		50702007	1	-1	143750	100		50702008	1	-1	143750	100		50713004	1	-1	111250	100		50703001	1	-1	111250	100		50714001	1	-1	111250	100		50704002	1	-1	111250	100		50712005	1	-1	143750	100		50712006	1	-1	143750	100		50712007	1	-1	143750	100		50712008	1	-1	143750	100		
129	40	0	1	8	1	1	5	0	1	600000	50	0		0	0	0	96	97	98	100	200	300	400	500	59000001	1	-1	4200	100		59000012	1	-1	4200	100		59000023	1	-1	4200	100		59000002	1	-1	4200	100		59000013	1	-1	4200	100		59000024	1	-1	4200	100		59000003	1	-1	4200	100		59000014	1	-1	4200	100		59000025	1	-1	4200	100		59000004	1	-1	4200	100		59000015	1	-1	4200	100		59000026	1	-1	4200	100		59000005	1	-1	4200	100		59000016	1	-1	4200	100		59000027	1	-1	4200	100		59000006	1	-1	4200	100		59000017	1	-1	4200	100		59000028	1	-1	4200	100		59000007	1	-1	4200	100		59000018	1	-1	4200	100		59000029	1	-1	4200	100		59000008	1	-1	4200	100		59000019	1	-1	4200	100		59000030	1	-1	4200	100		59000009	1	-1	4200	100		59000020	1	-1	4200	100		59000031	1	-1	4200	100		59000010	1	-1	4200	100		59000021	1	-1	4200	100		59000032	1	-1	4200	100		59000011	1	-1	4200	100		59000022	1	-1	4200	100		59000033	1	-1	4200	100		
130	40	0	1	8	1	1	5	0	1	600000	50	0		0	0	0	96	97	98	100	200	300	400	500	30501177	1	-1	36	100	#G	30501186	1	-1	36	100	#G	30501195	1	-1	36	100	#G	30501204	1	-1	36	100	#G	30501213	1	-1	36	100	#G	30501222	1	-1	36	100	#G	30501231	1	-1	36	100	#G	30501240	1	-1	36	100	#G	30501178	1	-1	185	100	#G	30501187	1	-1	185	100	#G	30501196	1	-1	185	100	#G	30501205	1	-1	185	100	#G	30501214	1	-1	185	100	#G	30501223	1	-1	185	100	#G	30501232	1	-1	185	100	#G	30501241	1	-1	185	100	#G	30501179	1	-1	801	100	#G	30501188	1	-1	801	100	#G	30501197	1	-1	801	100	#G	30501206	1	-1	801	100	#G	30501215	1	-1	801	100	#G	30501224	1	-1	801	100	#G	30501233	1	-1	801	100	#G	30501242	1	-1	801	100	#G	30501180	1	-1	4007	100	#G	30501189	1	-1	4007	100	#G	30501198	1	-1	4007	100	#G	30501207	1	-1	4007	100	#G	30501216	1	-1	4007	100	#G	30501225	1	-1	4007	100	#G	30501234	1	-1	4007	100	#G	30501243	1	-1	4007	100	#G	0	1	-1	100	100		0	1	-1	100	100		0	1	-1	100	100		0	1	-1	100	100		0	1	-1	100	100		0	1	-1	100	100		0	1	-1	100	100		0	1	-1	100	100		0	1	-1	100	100		0	1	-1	100	100		0	1	-1	100	100		0	1	-1	100	100		0	1	-1	100	100		0	1	-1	100	100		0	1	-1	100	100		0	1	-1	100	100		0	1	-1	100	100		
131	40	0	1	8	1	1	5	0	1	600000	50	0		0	0	0	96	97	98	100	200	300	400	500	30900015	1	-1	38	100		30900016	1	-1	398	100	 	20109101	1	-1	398	100	#G	30900010	1	-1	1	100	 	30900044	1	-1	1	100	#G	30900028	1	-1	120	100		30900029	1	-1	200	100		30900030	1	-1	360	100		30900031	1	-1	600	100		30900032	1	-1	920	100		30900056	1	-1	38	100		30900057	1	-1	398	100		38000444	1	-1	1	100		38000445	1	-1	1250	100		30000004	1	-1	5000	100		
132	40	0	1	8	1	1	5	0	1	600000	50	0		0	0	0	96	97	98	100	200	300	400	500	50513006	1	-1	4500	100		50501001	1	-1	4500	100		50501002	1	-1	4500	100		50502005	1	-1	5750	100		50502006	1	-1	5750	100		50502007	1	-1	5750	100		50502008	1	-1	5750	100		50503001	1	-1	4500	100		50504002	1	-1	4500	100		50511001	1	-1	4500	100		50511002	1	-1	4500	100		50512005	1	-1	5750	100		50512006	1	-1	5750	100		50512007	1	-1	5750	100		50512008	1	-1	5750	100		50513001	1	-1	4500	100		50513002	1	-1	4500	100		50513003	1	-1	4500	100		50513004	1	-1	4500	100		50513005	1	-1	4500	100		50514001	1	-1	4500	100		
133	40	0	1	8	1	1	5	0	1	600000	50	0		0	0	0	96	97	98	100	200	300	400	500	
134	40	0	1	8	1	1	5	0	1	600000	50	0		0	0	0	96	97	98	100	200	300	400	500	30311001	1	-1	10000	100		30311002	1	-1	10000	100		30311003	1	-1	10000	100		30311004	1	-1	10000	100		30311005	1	-1	10000	100		30311006	1	-1	10000	100		30311007	1	-1	10000	100		30311008	1	-1	10000	100		30311009	1	-1	10000	100		30311010	1	-1	10000	100		30311011	1	-1	10000	100		30311012	1	-1	10000	100		30311013	1	-1	10000	100		30311014	1	-1	10000	100		30311015	1	-1	10000	100		30311016	1	-1	10000	100		30311017	1	-1	10000	100		30311018	1	-1	10000	100		30311019	1	-1	10000	100		30311020	1	-1	10000	100		30311021	1	-1	10000	100		30311022	1	-1	10000	100		30311023	1	-1	10000	100		30311024	1	-1	10000	100		30311025	1	-1	10000	100		30311026	1	-1	10000	100		30311027	1	-1	10000	100		30311028	1	-1	10000	100		30311029	1	-1	10000	100		30311030	1	-1	10000	100		30311031	1	-1	10000	100		30311032	1	-1	10000	100		30311033	1	-1	10000	100		30311034	1	-1	10000	100		30311035	1	-1	10000	100		30311036	1	-1	10000	100		30311037	1	-1	10000	100		30311038	1	-1	10000	100		30311039	1	-1	10000	100		30311040	1	-1	10000	100		30311041	1	-1	10000	100		30311042	1	-1	10000	100		30311043	1	-1	10000	100		30311044	1	-1	10000	100		30311045	1	-1	10000	100		30311046	1	-1	10000	100		30311047	1	-1	10000	100		30311048	1	-1	10000	100		30311049	1	-1	10000	100		30311050	1	-1	10000	100		
135	40	0	1	8	1	1	5	0	1	600000	50	0		0	0	0	96	97	98	100	200	300	400	500	30311051	1	-1	10000	100		30311052	1	-1	10000	100		30311053	1	-1	10000	100		30311054	1	-1	10000	100		30311055	1	-1	10000	100		30311056	1	-1	10000	100		30311057	1	-1	10000	100		30311058	1	-1	10000	100		30311059	1	-1	10000	100		30311060	1	-1	10000	100		30311061	1	-1	10000	100		30311062	1	-1	10000	100		30311063	1	-1	10000	100		30311064	1	-1	10000	100		30311065	1	-1	10000	100		30311066	1	-1	10000	100		30311067	1	-1	10000	100		30311068	1	-1	10000	100		30311069	1	-1	10000	100		30311070	1	-1	10000	100		30311071	1	-1	10000	100		30311072	1	-1	10000	100		30311073	1	-1	10000	100		30311074	1	-1	10000	100		30311075	1	-1	10000	100		30311076	1	-1	10000	100		30311077	1	-1	10000	100		30311078	1	-1	10000	100		30311079	1	-1	10000	100		30311080	1	-1	10000	100		30311081	1	-1	10000	100		30311082	1	-1	10000	100		30311083	1	-1	10000	100		30311084	1	-1	10000	100		30311085	1	-1	10000	100		30311086	1	-1	10000	100		30311087	1	-1	10000	100		30311088	1	-1	10000	100		30311089	1	-1	10000	100		30311090	1	-1	10000	100		30311091	1	-1	10000	100		30311092	1	-1	10000	100		30311093	1	-1	10000	100		30311094	1	-1	10000	100		30311095	1	-1	10000	100		30311096	1	-1	10000	100		30311097	1	-1	10000	100		30311098	1	-1	10000	100		30311099	1	-1	10000	100		30311100	1	-1	10000	100		
136	40	0	1	8	1	1	5	0	1	600000	50	0		0	0	0	96	97	98	100	200	300	400	500	30309879	1	-1	10000	100		30309880	1	-1	10000	100		30309881	1	-1	10000	100		30309882	1	-1	10000	100		30309883	1	-1	10000	100		30309884	1	-1	10000	100		30309885	1	-1	10000	100		30309886	1	-1	10000	100		30309887	1	-1	10000	100		30309888	1	-1	10000	100		30309889	1	-1	10000	100		30311101	1	-1	10000	100		30311102	1	-1	10000	100		30311103	1	-1	10000	100		30311104	1	-1	10000	100		30311105	1	-1	10000	100		30311106	1	-1	10000	100		30311107	1	-1	10000	100		30311108	1	-1	10000	100		30311109	1	-1	10000	100		30311110	1	-1	10000	100		30311111	1	-1	10000	100		30311112	1	-1	10000	100		30311113	1	-1	10000	100		30311114	1	-1	10000	100		30311115	1	-1	10000	100		30311116	1	-1	10000	100		30311117	1	-1	10000	100		30311118	1	-1	10000	100		
137	40	0	1	8	1	1	5	0	1	600000	50	0		0	0	0	96	97	98	100	200	300	400	500	30402025	1	-1	2840	100	 	30402096	1	-1	800	100	#G	30402097	1	-1	800	100	#G	30402098	1	-1	800	100	#G	30402099	1	-1	800	100	#G	30402029	1	-1	800	100	 	30402035	1	-1	800	100	 	30402045	1	-1	1200	100	 	30402091	1	-1	900	100	 	30402093	1	-1	900	100	 	30402051	1	-1	900	100	 	30402052	1	-1	900	100	 	30402053	1	-1	900	100	 	30402054	1	-1	900	100	 	30402033	1	-1	396	100	 	30402037	1	-1	396	100	 	30402039	1	-1	396	100	 	30402041	1	-1	396	100	 	30402043	1	-1	396	100	 	30402081	1	-1	396	100	 	30402082	1	-1	396	100	 	30402083	1	-1	396	100	 	30402084	1	-1	396	100	 	30402085	1	-1	396	100	 	30402086	1	-1	396	100	 	30402055	1	-1	900	100	 	30402059	1	-1	900	100	 	30402047	1	-1	900	100	 	30402049	1	-1	900	100	 	30402061	1	-1	900	100	 	30402063	1	-1	900	100	 	30402065	1	-1	900	100	 	30402067	1	-1	900	100	 	30402069	1	-1	900	100	 	30402073	1	-1	900	100	 	30402075	1	-1	900	100	 	30402077	1	-1	900	100	 	30402079	1	-1	900	100	 	
138	40	0	1	8	1	1	5	0	1	600000	50	0		0	0	0	96	97	98	100	200	300	400	500	30402101	1	-1	1000	100		30402103	1	-1	1000	100		30402105	1	-1	1000	100		30402107	1	-1	1000	100		30402125	1	-1	1000	100		30402123	1	-1	1000	100		30402121	1	-1	1000	100		30402095	1	-1	6960	100	 	30402087	1	-1	6960	100	 	30402088	1	-1	6960	100	 	30402089	1	-1	6960	100	 	30402090	1	-1	6960	100	 	30402026	1	-1	4320	100	 	30402030	1	-1	2000	100	 	30402034	1	-1	1200	100	 	30402036	1	-1	1200	100	 	30402046	1	-1	3960	100	 	30402038	1	-1	1200	100	 	30402040	1	-1	1200	100	 	30402042	1	-1	1200	100	 	30402044	1	-1	1200	100	 	30402092	1	-1	1996	100	 	30402094	1	-1	1580	100	 	30402072	1	-1	1596	100	 	30402048	1	-1	1200	100	 	30402050	1	-1	1200	100	 	30402012	1	-1	1200	100	 	30402014	1	-1	1200	100	 	30402016	1	-1	1200	100	 	30402018	1	-1	1200	100	 	30402020	1	-1	1200	100	 	30402056	1	-1	1200	100	 	30402060	1	-1	1200	100	 	30402062	1	-1	1200	100	 	30402064	1	-1	1200	100	 	30402066	1	-1	1200	100	 	30402068	1	-1	1200	100	 	30402070	1	-1	1200	100	 	30402074	1	-1	1200	100	 	30402076	1	-1	1200	100	 	30402078	1	-1	1200	100	 	30402080	1	-1	1200	100	 	
139	40	0	1	8	1	1	5	0	1	600000	50	0		0	0	0	96	97	98	100	200	300	400	500	30503034	1	-1	1000	100		30503043	1	-1	1000	100		30503052	1	-1	1000	100		30503061	1	-1	1000	100		30503176	1	-1	1000	100		
140	40	0	1	8	1	1	5	0	1	600000	50	0		0	0	0	96	97	98	100	200	300	400	500	30504019	1	-1	10	69		30008002	1	-1	1	100		30008003	1	-1	1	50		30008016	1	-1	1	60		30503017	1	-1	400	100		30503018	1	-1	550	100		30503019	1	-1	700	100		30503020	1	-1	1000	100	#G	30607000	1	-1	1	50		30607001	1	-1	1	50		30606002	1	-1	1	100		30502000	10	-1	1200	100		30502001	10	-1	1600	100		30502002	10	-1	2000	100		30503021	1	-1	2000	30		30502003	1	-1	3000	100		
141	40	0	1	8	1	1	5	0	1	600000	50	0		0	0	0	96	97	98	100	200	300	400	500	
142	40	0	1	8	1	1	5	0	1	600000	50	0		0	0	0	96	97	98	100	200	300	400	500	30008002	1	-1	1	100		30008003	1	-1	1	100		30008016	1	-1	1	100		30008005	1	-1	1	100		30008004	1	-1	1	100		31000000	1	-1	1	100		31000002	1	-1	1	100		31000001	1	-1	1	100		31000003	1	-1	1	100		30008018	1	-1	1000	100		10100032	1	-1	50000	100		
143	40	0	1	8	1	1	5	0	1	600000	50	0		0	0	0	96	97	98	100	200	300	400	500	30008048	1	-1	1600	50	#G	30008034	1	-1	160	50	#G	30900005	1	-1	20	100		30900006	1	-1	180	100		30900045	1	-1	960	100		30505106	1	-1	132	100		30505079	1	-1	9999	40		30008038	1	-1	600	100		30900013	1	-1	400	100		30900014	1	-1	1960	100		31000101	1	-1	800	50		30008013	1	-1	3200	80		30008030	1	-1	1	50		30900007	1	-1	720	25		30008009	1	-1	1	100		30008006	1	-1	80	100		30008021	1	-1	12	100	#G	30008025	1	-1	12	100	#G	30008024	1	-1	12	100		30008023	1	-1	12	100		30008022	1	-1	12	84		
144	40	0	1	8	1	1	5	0	1	600000	50	0		0	0	0	96	97	98	100	200	300	400	500	30505053	10	-1	1	100		30505054	10	-1	1	100		30505055	10	-1	1	100		30505056	10	-1	1	100		30505057	10	-1	1	100		30505058	10	-1	1	100		30505059	10	-1	1	100		30505172	10	-1	1	100	#G	30505173	10	-1	1	100	#G	
145	40	0	1	8	1	1	5	0	1	600000	50	0		0	0	0	96	97	98	100	200	300	400	500	10125025	1	-1	10	100		10125026	1	-1	10	100		10125027	1	-1	10	100		10125028	1	-1	10	100		10125029	1	-1	10	100		10125030	1	-1	10	100		10125031	1	-1	10	100		10125032	1	-1	10	100		10125033	1	-1	10	100		10125034	1	-1	10	100		10124121	1	-1	10	100		10124902	1	-1	10	100		10124951	1	-1	10	100		10124009	1	-1	10	100		10124010	1	-1	10	100		10124011	1	-1	10	100		10124012	1	-1	10	100		10124013	1	-1	10	100		10124014	1	-1	10	100		10124015	1	-1	10	100		10124016	1	-1	10	100		10124017	1	-1	10	100		10125035	1	-1	10	100		10124120	1	-1	10	100		10124952	1	-1	10	100		10124901	1	-1	10	100		10124093	1	-1	10	100		10124094	1	-1	10	100		10124095	1	-1	10	100		10124096	1	-1	10	100		10124097	1	-1	10	100		10124098	1	-1	10	100		10124099	1	-1	10	100		10124100	1	-1	10	100		10124101	1	-1	10	100		10124102	1	-1	10	100		10124122	1	-1	10	100		10124904	1	-1	10	100		10124953	1	-1	10	100		10124149	1	-1	10	100		10124150	1	-1	10	100		10124151	1	-1	10	100		10124152	1	-1	10	100		10124153	1	-1	10	100		10124954	1	-1	10	100		
146	40	0	1	8	1	1	5	0	1	600000	50	0		0	0	0	96	97	98	100	200	300	400	500	10124018	1	-1	10	100		10124019	1	-1	10	100		10124022	1	-1	10	100		10124023	1	-1	10	100		10124024	1	-1	10	100		10124025	1	-1	10	100		10124026	1	-1	10	100		10124027	1	-1	10	100		10124028	1	-1	10	100		10124029	1	-1	10	100		10124030	1	-1	10	100		10124031	1	-1	10	100		10124032	1	-1	10	100		10124033	1	-1	10	100		10124043	1	-1	10	100		10124045	1	-1	10	100		10124046	1	-1	10	100		10125022	1	-1	10	100		10124051	1	-1	10	100		10125021	1	-1	10	100		10124062	1	-1	10	100		10125023	1	-1	10	100		10125024	1	-1	10	100		10124067	1	-1	10	100		10124069	1	-1	10	100		10124070	1	-1	10	100		10124072	1	-1	10	100		10125020	1	-1	10	100		10124110	1	-1	10	100		10124109	1	-1	10	100		10124105	1	-1	10	100		10124104	1	-1	10	100		10124103	1	-1	10	100		10124092	1	-1	10	100		10124091	1	-1	10	100		10124090	1	-1	10	100		10124089	1	-1	10	100		10124088	1	-1	10	100		10124087	1	-1	10	100		10124086	1	-1	10	100		10124085	1	-1	10	100		10124084	1	-1	10	100		10124083	1	-1	10	100		10124082	1	-1	10	100		10124081	1	-1	10	100		10124080	1	-1	10	100		10124079	1	-1	10	100		10124078	1	-1	10	100		10124077	1	-1	10	100		
147	40	0	1	8	1	1	5	0	1	600000	50	0		0	0	0	96	97	98	100	200	300	400	500	10124170	1	-1	10	100		10124168	1	-1	10	100		10124167	1	-1	10	100		10124165	1	-1	10	100		10124161	1	-1	10	100		10124155	1	-1	10	100		10124154	1	-1	10	100		10124145	1	-1	10	100		10124143	1	-1	10	100		10124142	1	-1	10	100		10124141	1	-1	10	100		10124139	1	-1	10	100		10124133	1	-1	10	100		10124128	1	-1	10	100		10124126	1	-1	10	100		10124123	1	-1	10	100		10124118	1	-1	10	100		10124117	1	-1	10	100		10124116	1	-1	10	100		10124115	1	-1	10	100		10124113	1	-1	10	100		10124112	1	-1	10	100		10124175	1	-1	10	100		10124176	1	-1	10	100		10124177	1	-1	10	100		10124178	1	-1	10	100		10124179	1	-1	10	100		10124181	1	-1	10	100		10124182	1	-1	10	100		10124183	1	-1	10	100		10124184	1	-1	10	100		10124185	1	-1	10	100		10124186	1	-1	10	100		10124187	1	-1	10	100		10125036	1	-1	10	100		10125037	1	-1	10	100		10125038	1	-1	10	100		10125039	1	-1	10	100		10125040	1	-1	10	100		10125041	1	-1	10	100		10125042	1	-1	10	100		10125043	1	-1	10	100		10125044	1	-1	10	100		10125045	1	-1	10	100		10125046	1	-1	10	100		10125047	1	-1	10	100		10125048	1	-1	10	100		
148	40	0	1	8	1	1	5	0	1	600000	50	0		0	0	0	96	97	98	100	200	300	400	500	10125100	1	-1	512	100		10125101	1	-1	512	100		10125102	1	-1	512	100		10125103	1	-1	512	100		10125104	1	-1	512	100		10125105	1	-1	512	100		10125106	1	-1	512	100		10125107	1	-1	512	100		10125108	1	-1	512	100		10125109	1	-1	512	100		10125110	1	-1	512	100		10125111	1	-1	512	100		10125112	1	-1	512	100		10125113	1	-1	512	100		10125114	1	-1	512	100		10125115	1	-1	512	100		10125116	1	-1	512	100		10125117	1	-1	512	100		10125118	1	-1	512	100		10125119	1	-1	512	100		10125120	1	-1	512	100		10125121	1	-1	512	100		10125122	1	-1	512	100		10125123	1	-1	512	100		10125124	1	-1	512	100		10125125	1	-1	512	100		10125126	1	-1	512	100		10125127	1	-1	512	100		10125128	1	-1	512	100		10125129	1	-1	512	100		10125130	1	-1	512	100		10125131	1	-1	512	100		10125132	1	-1	512	100		10125133	1	-1	512	100		10125134	1	-1	512	100		10125135	1	-1	512	100		10125136	1	-1	512	100		10125137	1	-1	512	100		10125138	1	-1	512	100		10125139	1	-1	512	100		10125140	1	-1	512	100		
149	40	0	1	8	1	1	5	0	1	600000	50	0		0	0	0	96	97	98	100	200	300	400	500	10141000	1	1	10	100		10141001	1	1	10	100		10141002	1	1	10	100		10141003	1	1	10	100		10141004	1	1	10	100		10141005	1	1	10	100		10141006	1	1	10	100		10141007	1	1	10	100		10141008	1	1	10	100		10141009	1	1	10	100		10141010	1	1	10	100		10141011	1	1	10	100		10141012	1	1	10	100		10141013	1	1	10	100		10141014	1	1	10	100		10141015	1	1	10	100		10141016	1	1	10	100		10141017	1	1	10	100		10141018	1	1	10	100		10141019	1	1	10	100		10141020	1	1	10	100		10141041	1	1	10	100		10141042	1	1	10	100		10141043	1	1	10	100		10141044	1	1	10	100		10141045	1	1	10	100		10141046	1	1	10	100		10141047	1	1	10	100		10141048	1	1	10	100		10141049	1	1	10	100		10141052	1	1	10	100		10141053	1	1	10	100		10141054	1	1	10	100		10141055	1	1	10	100		10141056	1	1	10	100		10141057	1	1	10	100		10141058	1	1	10	100		10141059	1	1	10	100		10141060	1	1	10	100		10141062	1	1	10	100		10141063	1	1	10	100		10141064	1	1	10	100		10141065	1	1	10	100		10141066	1	1	10	100		10141067	1	1	10	100		10141068	1	1	10	100		10141069	1	1	10	100		10141070	1	1	10	100		10141071	1	1	10	100		
150	40	0	1	8	1	1	5	0	1	600000	50	0		0	0	0	96	97	98	100	200	300	400	500	10141072	1	-1	10	100		10141073	1	-1	10	100		10141074	1	-1	10	100		10141075	1	-1	10	100		10141076	1	-1	10	100		10141077	1	-1	10	100		10141078	1	-1	10	100		10141079	1	-1	10	100		10141080	1	-1	10	100		10141081	1	-1	10	100		10141082	1	-1	10	100		10141083	1	-1	10	100		10141084	1	-1	10	100		10141085	1	-1	10	100		10141086	1	-1	10	100		10141087	1	-1	10	100		10141088	1	-1	10	100		10141089	1	-1	10	100		10141090	1	-1	10	100		10141091	1	-1	10	100		10141092	1	-1	10	100		10141093	1	-1	10	100		10141094	-1	-1	10	100		10141095	1	-1	10	100		10141102	1	-1	10	100		10141103	1	-1	10	100		10141104	1	-1	10	100		10141105	1	-1	10	100		10141106	1	-1	10	100		10141107	1	-1	10	100		10141108	1	-1	10	100		10141109	1	-1	10	100		10141110	1	-1	10	100		10141111	1	-1	10	100		10141112	1	-1	10	100		10141113	1	-1	10	100		10141114	1	-1	10	100		10141115	1	-1	10	100		10141116	1	-1	10	100		10141117	1	-1	10	100		10141118	1	-1	10	100		10141120	1	-1	10	100		10141122	1	-1	10	100		10141123	1	-1	10	100		10141124	1	-1	10	100		10141126	1	-1	10	100		10141127	1	-1	10	100		10141132	1	-1	10	100		10141133	1	-1	10	100		
151	40	0	1	8	1	1	5	0	1	600000	50	0		0	0	0	96	97	98	100	200	300	400	500	10141135	1	-1	10	100		10141136	1	-1	10	100		10141137	1	-1	10	100		10141138	1	-1	10	100		10141139	1	-1	10	100		10141140	1	-1	10	100		10141141	1	-1	10	100		10141142	1	-1	10	100		10141143	1	-1	10	100		10141144	1	-1	10	100		10141145	1	-1	10	100		10141146	1	-1	10	100		10141147	1	-1	10	100		10141148	1	-1	10	100		10141149	1	-1	10	100		10141150	1	-1	10	100		10141151	-1	-1	10	100		10141152	1	-1	10	100		10141153	1	-1	10	100		10141154	1	-1	10	100		10141155	1	-1	10	100		10141156	1	-1	10	100		10141157	1	-1	10	100		10141158	1	-1	10	100		10141159	1	-1	10	100		10141160	1	-1	10	100		10141161	1	-1	10	100		10141162	1	-1	10	100		10141163	1	-1	10	100		10141164	1	-1	10	100		10141165	1	-1	10	100		10141166	1	-1	10	100		10141167	1	-1	10	100		10141168	1	-1	10	100		10141169	1	-1	10	100		10141170	1	-1	10	100		10141171	1	-1	10	100		10141172	1	-1	10	100		10141173	1	-1	10	100		10141174	1	-1	10	100		10141175	1	-1	10	100		10141176	1	-1	10	100		10141177	1	-1	10	100		10141178	1	-1	10	100		10141179	1	-1	10	100		10141130	1	-1	99999	100		10141131	1	-1	99999	100		10141190	1	-1	10	100		10141192	1	-1	10	100		
152	40	0	1	8	1	1	5	0	1	600000	50	0		0	0	0	96	97	98	100	200	300	400	500	10141210	1	-1	10	100		10141211	1	-1	10	100		10141209	1	-1	10	100		10141208	1	-1	10	100		10141206	1	-1	10	100		10141205	1	-1	10	100		10141204	1	-1	10	100		10141201	1	-1	10	100		10141200	1	-1	10	100		10141207	1	-1	10	100		10141198	1	-1	10	100		10141197	1	-1	10	100		10141199	1	-1	10	100		10141500	1	-1	10	100		10141501	1	-1	10	100		10141191	1	-1	10	100		10141181	1	-1	10	100		10141182	1	-1	10	100		10141183	1	-1	10	100		10141184	1	-1	10	100		10141187	1	-1	10	100		10141188	1	-1	10	100		10141189	1	-1	10	100		10141196	1	-1	10	100		10141213	1	-1	10	100		10141214	1	-1	10	100		10141215	1	-1	10	100		10141216	1	-1	10	100		10141217	1	-1	10	100		
153	40	0	1	8	1	1	5	0	1	600000	50	0		0	0	0	96	97	98	100	200	300	400	500	30509012	1	-1	20000	100		30509071	1	-1	20000	100	#G	30509052	1	-1	20000	100	#G	30509029	1	-1	20000	100	#G	30509030	1	-1	20000	100		30509032	1	-1	20000	100		30509036	1	-1	20000	100		30509033	1	-1	20000	100		30509066	1	-1	20000	100	#G	30509031	1	-1	20000	100		30509035	1	-1	20000	100		
154	40	0	1	8	1	1	5	0	1	600000	50	0		0	0	0	96	97	98	100	200	300	400	500	30509008	1	-1	20	100		30509013	1	-1	200	100		30509014	1	-1	100	100		30509014	10	-1	1000	100		30509011	1	-1	4000	100		
155	40	0	1	8	1	1	5	0	1	600000	50	0		0	0	0	96	97	98	100	200	300	400	500	
156	40	0	1	8	1	1	5	0	1	600000	50	0		0	0	0	96	97	98	100	200	300	400	500	
157	40	0	1	8	1	1	5	0	1	600000	50	0		0	0	0	96	97	98	100	200	300	400	500	30308059	1	-1	800	100	#G	30308055	1	-1	1996	100	 	30308002	1	-1	1960	100	 	30308011	1	-1	1960	100	 	30308045	1	-1	1960	100	 	30308003	1	-1	1960	100	 	30308012	1	-1	1960	100	 	30308070	1	-1	1960	100	#G	30308004	1	-1	1960	100	 	30308013	1	-1	1960	100	 	30308060	1	-1	1960	100	#G	30308005	1	-1	1960	100	 	30308014	1	-1	1960	100	 	30308066	1	-1	1960	100	#G	30308006	1	-1	1960	100	 	30308015	1	-1	1960	100	 	30308043	1	-1	1960	100	 	30308007	1	-1	1960	100	 	30308016	1	-1	1960	100	 	30308067	1	-1	1960	100	#G	30308008	1	-1	1960	100	 	30308017	1	-1	1960	100	 	30308068	1	-1	1960	100	#G	30308009	1	-1	1960	100	 	30308018	1	-1	1960	100	 	30308071	1	-1	1960	100	#G	30308010	1	-1	1960	100	 	30308019	1	-1	1960	100	 	30308069	1	-1	1960	100	#G	
158	40	0	1	8	1	1	5	0	1	600000	50	0		0	0	0	96	97	98	100	200	300	400	500	30308075	1	-1	80000	100		30308076	1	-1	80000	100		30308087	1	-1	80000	100		30308088	1	-1	80000	100		30308089	1	-1	80000	100		30308090	1	-1	80000	100		30308091	1	-1	80000	100		30308092	1	-1	80000	100		30308093	1	-1	80000	100		
159	40	0	1	8	1	1	5	0	1	600000	50	0		0	0	0	96	97	98	100	200	300	400	500	
160	40	0	1	8	1	1	5	0	1	600000	50	0		0	0	0	96	97	98	100	200	300	400	500	
161	40	0	1	8	1	1	5	0	1	600000	50	0		0	0	0	96	97	98	100	200	300	400	500	20308001	1	-1	1	100		20308011	1	-1	1	100		20308002	1	-1	1	100		20308012	1	-1	1	100		20308003	1	-1	1	100		20308013	1	-1	1	100		20308004	1	-1	1	100		20308014	1	-1	1	100		20308005	1	-1	1	100		20308015	1	-1	1	100		20308006	1	-1	1	100		20308016	1	-1	1	100		20308007	1	-1	1	100		20308017	1	-1	1	100		20308008	1	-1	1	100		20308018	1	-1	1	100		20308009	1	-1	1	100		20308019	1	-1	1	100		20308010	1	-1	1	100		20308010	10	-1	1	100		20308020	1	-1	1	100		20308020	10	-1	1	100		
162	40	0	1	8	1	1	5	0	1	600000	50	0		0	0	0	96	97	98	100	200	300	400	500	20308021	1	-1	1	100		20308031	1	-1	1	100		20308022	1	-1	1	100		20308032	1	-1	1	100		20308023	1	-1	1	100		20308033	1	-1	1	100		20308024	1	-1	1	100		20308034	1	-1	1	100		20308025	1	-1	1	100		20308035	1	-1	1	100		20308026	1	-1	1	100		20308036	1	-1	1	100		20308027	1	-1	1	100		20308037	1	-1	1	100		20308028	1	-1	1	100		20308038	1	-1	1	100		20308029	1	-1	1	100		20308039	1	-1	1	100		20308030	1	-1	1	100		20308030	10	-1	1	100		20308040	1	-1	1	100		20308040	10	-1	1	100		
163	40	0	1	8	1	1	5	0	1	600000	50	0		0	0	0	96	97	98	100	200	300	400	500	20308041	1	-1	1	100		20308051	1	-1	1	100		20308193	1	-1	1	100		20308205	1	-1	1	100		20308042	1	-1	1	100		20308052	1	-1	1	100		20308194	1	-1	1	100		20308206	1	-1	1	100		20308043	1	-1	1	100		20308053	1	-1	1	100		20308195	1	-1	1	100		20308207	1	-1	1	100		20308044	1	-1	1	100		20308054	1	-1	1	100		20308196	1	-1	1	100		20308208	1	-1	1	100		20308045	1	-1	1	100		20308055	1	-1	1	100		20308197	1	-1	1	100		20308209	1	-1	1	100		20308046	1	-1	1	100		20308056	1	-1	1	100		20308198	1	-1	1	100		20308210	1	-1	1	100		20308047	1	-1	1	100		20308057	1	-1	1	100		20308199	1	-1	1	100		20308211	1	-1	1	100		20308048	1	-1	1	100		20308058	1	-1	1	100		20308200	1	-1	1	100		20308212	1	-1	1	100		20308049	1	-1	1	100		20308059	1	-1	1	100		20308201	1	-1	1	100		20308213	1	-1	1	100		20308050	1	-1	1	100		20308050	10	-1	1	100		20308060	1	-1	1	100		20308060	10	-1	1	100		20308202	1	-1	1	100		20308202	10	-1	1	100		20308214	1	-1	1	100		20308214	10	-1	1	100		
164	40	0	1	8	1	1	5	0	1	600000	50	0		0	0	0	96	97	98	100	200	300	400	500	20308061	1	-1	1	100		20308071	1	-1	1	100		20308062	1	-1	1	100		20308072	1	-1	1	100		20308063	1	-1	1	100		20308073	1	-1	1	100		20308064	1	-1	1	100		20308074	1	-1	1	100		20308065	1	-1	1	100		20308075	1	-1	1	100		20308066	1	-1	1	100		20308076	1	-1	1	100		20308067	1	-1	1	100		20308077	1	-1	1	100		20308068	1	-1	1	100		20308078	1	-1	1	100		20308069	1	-1	1	100		20308079	1	-1	1	100		20308070	1	-1	1	100		20308070	10	-1	1	100		20308080	1	-1	1	100		20308080	10	-1	1	100		
165	40	0	1	8	1	1	5	0	1	600000	50	0		0	0	0	96	97	98	100	200	300	400	500	20308081	1	-1	1	100		20308091	1	-1	1	100		20308082	1	-1	1	100		20308092	1	-1	1	100		20308083	1	-1	1	100		20308093	1	-1	1	100		20308084	1	-1	1	100		20308094	1	-1	1	100		20308085	1	-1	1	100		20308095	1	-1	1	100		20308086	1	-1	1	100		20308096	1	-1	1	100		20308087	1	-1	1	100		20308097	1	-1	1	100		20308088	1	-1	1	100		20308098	1	-1	1	100		20308089	1	-1	1	100		20308099	1	-1	1	100		20308090	1	-1	1	100		20308090	10	-1	1	100		20308100	1	-1	1	100		20308100	10	-1	1	100		
166	40	0	1	8	1	1	5	0	1	600000	50	0		0	0	0	96	97	98	100	200	300	400	500	20308131	1	-1	1	100		20308141	1	-1	1	100		20308132	1	-1	1	100		20308142	1	-1	1	100		20308133	1	-1	1	100		20308143	1	-1	1	100		20308134	1	-1	1	100		20308144	1	-1	1	100		20308135	1	-1	1	100		20308145	1	-1	1	100		20308136	1	-1	1	100		20308146	1	-1	1	100		20308137	1	-1	1	100		20308147	1	-1	1	100		20308138	1	-1	1	100		20308148	1	-1	1	100		20308139	1	-1	1	100		20308149	1	-1	1	100		20308140	1	-1	1	100		20308140	10	-1	1	100		20308150	1	-1	1	100		20308150	10	-1	1	100		
167	40	0	1	8	1	1	5	0	1	600000	50	0		0	0	0	96	97	98	100	200	300	400	500	20308151	1	-1	1	100		20308101	1	-1	1	100		20308152	1	-1	1	100		20308102	1	-1	1	100		20308153	1	-1	1	100		20308103	1	-1	1	100		20308154	1	-1	1	100		20308104	1	-1	1	100		20308155	1	-1	1	100		20308105	1	-1	1	100		20308156	1	-1	1	100		20308106	1	-1	1	100		20308157	1	-1	1	100		20308107	1	-1	1	100		20308158	1	-1	1	100		20308108	1	-1	1	100		20308159	1	-1	1	100		20308109	1	-1	1	100		20308160	1	-1	1	100		20308160	10	-1	1	100		20308110	1	-1	1	100		20308110	10	-1	1	100		
168	40	0	1	8	1	1	5	0	1	600000	50	0		0	0	0	96	97	98	100	200	300	400	500	20308111	1	-1	1	100		20308121	1	-1	1	100		20308112	1	-1	1	100		20308122	1	-1	1	100		20308113	1	-1	1	100		20308123	1	-1	1	100		20308114	1	-1	1	100		20308124	1	-1	1	100		20308115	1	-1	1	100		20308125	1	-1	1	100		20308116	1	-1	1	100		20308126	1	-1	1	100		20308117	1	-1	1	100		20308127	1	-1	1	100		20308118	1	-1	1	100		20308128	1	-1	1	100		20308119	1	-1	1	100		20308129	1	-1	1	100		20308120	1	-1	1	100		20308120	10	-1	1	100		20308130	1	-1	1	100		20308130	10	-1	1	100		
169	40	0	1	8	1	1	6	0	1	600000	50	0		0	0	0	96	97	98	100	200	300	400	500	30505107	1	-1	1000	100		30505107	10	-1	10000	100		30503149	1	-1	800	100		20310169	10	-1	500	100		20502009	10	-1	500	100		30503150	1	-1	1000	100		30008014	1	-1	500	100		30103042	1	-1	1	100		30008121	1	-1	488	100		30008123	1	-1	10	100		30008029	1	-1	50	100		30008029	11	-1	500	100		30503117	1	-1	40	100		30503121	1	-1	120	100		30503120	1	-1	168	100		30503119	1	-1	80	100		30503118	1	-1	400	100		30503115	1	-1	120	100		30008019	1	-1	5000	100		30008030	1	-1	1	100		30700204	1	-1	400	100		30008105	1	-1	100000	100		30008104	1	-1	100000	100		30501122	1	-1	1000	100		30501118	1	-1	1000	100		30501119	1	-1	1000	100		30501120	1	-1	1000	100		30501121	1	-1	1000	100		30501123	1	-1	1000	100		20501002	1	-1	500	100		20501002	10	-1	5000	100		20502003	1	-1	500	100		20502003	10	-1	5000	100		20310166	1	-1	200	100		20310166	20	-1	4000	100		
170	40	0	1	8	1	1	6	0	1	600000	50	0		0	0	0	96	97	98	100	200	300	400	500	30700236	20	-1	2000	100		30700233	1	-1	1	100		30700214	1	-1	200	100		30700215	1	-1	200	100		30700216	1	-1	200	100		30700217	1	-1	200	100		30700218	1	-1	1360	100		30700219	1	-1	1360	100		30700220	1	-1	1360	100		30700221	1	-1	1360	100		30700222	1	-1	1360	100		30700223	1	-1	1360	100		30700224	1	-1	1360	100		30700225	1	-1	1360	100		30700243	1	-1	100	100		30700240	1	-1	396	100		30700240	10	-1	3960	100		20310158	1	-1	100	100		20310159	1	-1	200	100		20310117	1	-1	96	100		20310118	1	-1	480	100		20310119	1	-1	2400	100		20310120	1	-1	12000	100		20310122	1	-1	198	100		20310122	10	-1	1980	100		20310125	1	-1	5346	100		20310125	10	-1	53460	100		20310131	1	-1	198	100		20310131	10	-1	1980	100		20310134	1	-1	5346	100		20310134	10	-1	53460	100		20310140	1	-1	198	100		20310140	10	-1	1980	100		20310143	1	-1	5346	100		20310143	10	-1	53460	100		20310149	1	-1	400	100		20310149	10	-1	4000	100		20310152	1	-1	10800	100		20310152	10	-1	108000	100		
171	40	0	1	8	1	1	6	0	1	600000	50	0		0	0	0	96	97	98	100	200	300	400	500	30503134	1	-1	150	10		30503135	1	-1	130	10		30503136	1	-1	130	10		30503140	1	-1	1000	10		30503140	10	-1	10000	10		20307101	1	-1	100	10		30008020	1	-1	100	10		30008039	1	-1	100	10		20307001	1	-1	100	10		30503183	1	-1	1000	100		30503184	1	-1	1000	100		30503185	1	-1	1000	100		30503186	1	-1	1000	100		30503190	1	-1	1000	100		30503191	1	-1	1000	100		30503192	1	-1	1000	100		30503201	1	-1	1000	100		30900200	1	-1	300	100		30900200	10	-1	3000	100		30505909	1	-1	10000	100		
172	40	0	1	8	1	1	6	0	1	600000	50	0		0	0	0	96	97	98	100	200	300	400	500	59000001	1	-1	4200	100		59000012	1	-1	4200	100		59000023	1	-1	4200	100		59000002	1	-1	4200	100		59000013	1	-1	4200	100		59000024	1	-1	4200	100		59000003	1	-1	4200	100		59000014	1	-1	4200	100		59000025	1	-1	4200	100		59000004	1	-1	4200	100		59000015	1	-1	4200	100		59000026	1	-1	4200	100		59000005	1	-1	4200	100		59000016	1	-1	4200	100		59000027	1	-1	4200	100		59000006	1	-1	4200	100		59000017	1	-1	4200	100		59000028	1	-1	4200	100		59000007	1	-1	4200	100		59000018	1	-1	4200	100		59000029	1	-1	4200	100		59000008	1	-1	4200	100		59000019	1	-1	4200	100		59000030	1	-1	4200	100		59000009	1	-1	4200	100		59000020	1	-1	4200	100		59000031	1	-1	4200	100		59000010	1	-1	4200	100		59000021	1	-1	4200	100		59000032	1	-1	4200	100		59000011	1	-1	4200	100		59000022	1	-1	4200	100		59000033	1	-1	4200	100		
173	40	0	1	8	1	1	6	0	1	600000	50	0		0	0	0	96	97	98	100	200	300	400	500	30900015	1	-1	38	100		30900016	1	-1	398	100	 	20109101	1	-1	398	100	#G	30900010	1	-1	1	100	 	30900044	1	-1	1	100	#G	30900028	1	-1	120	100		30900029	1	-1	200	100		30900030	1	-1	360	100		30900031	1	-1	600	100		30900032	1	-1	920	100		30900056	1	-1	38	100		30900057	1	-1	398	100		38000444	1	-1	1	100		38000445	1	-1	1250	100		30000004	1	-1	5000	100		
174	40	0	1	8	1	1	6	0	1	600000	50	0		0	0	0	96	97	98	100	200	300	400	500	30504019	1	-1	10	69		30008002	1	-1	1	100		30008003	1	-1	1	50		30008016	1	-1	1	60		30503017	1	-1	400	100		30503018	1	-1	550	100		30503019	1	-1	700	100		30503020	1	-1	1000	100	#G	30607000	1	-1	1	50		30607001	1	-1	1	50		30606002	1	-1	1	100		30502000	10	-1	1200	100		30502001	10	-1	1600	100		30502002	10	-1	2000	100		30503021	1	-1	2000	30		30502003	1	-1	3000	100		
175	40	0	1	8	1	1	6	0	1	600000	50	0		0	0	0	96	97	98	100	200	300	400	500	30008048	1	-1	1600	50	#G	30008034	1	-1	160	50	#G	30900005	1	-1	20	100		30900006	1	-1	180	100		30900045	1	-1	960	100		30505106	1	-1	132	100		30505079	1	-1	9999	40		30008038	1	-1	600	100		30900013	1	-1	400	100		30900014	1	-1	1960	100		31000101	1	-1	800	50		30008013	1	-1	3200	80		30008030	1	-1	1	50		30900007	1	-1	720	25		30008009	1	-1	1	100		30008006	1	-1	80	100		30008021	1	-1	12	100	#G	30008025	1	-1	12	100	#G	30008024	1	-1	12	100		30008023	1	-1	12	100		30008022	1	-1	12	84		
176	40	0	1	8	1	1	6	0	1	600000	50	0		0	0	0	96	97	98	100	200	300	400	500	
177	40	0	1	8	1	1	6	0	1	600000	50	0		0	0	0	96	97	98	100	200	300	400	500	
178	40	0	1	8	1	1	6	0	1	600000	50	0		0	0	0	96	97	98	100	200	300	400	500	
179	40	0	1	8	1	1	6	0	1	600000	50	0		0	0	0	96	97	98	100	200	300	400	500	
180	40	0	1	8	1	1	6	0	1	600000	50	0		0	0	0	96	97	98	100	200	300	400	500	
181	40	0	1	8	1	1	6	0	1	600000	50	0		0	0	0	96	97	98	100	200	300	400	500	
182	40	0	1	8	1	1	6	0	1	600000	50	0		0	0	0	96	97	98	100	200	300	400	500	
183	40	0	1	9	1	1	1	1	1	600000	50	0		0	0	0	96	97	98	100	200	300	400	500	
184	40	0	1	9	1	1	1	1	1	600000	50	0		0	0	0	96	97	98	100	200	300	400	500	
185	40	0	1	9	1	1	1	0	1	7200000	50	0		0	0	0	96	97	98	100	200	300	400	500	
186	40	0	1	8	1	1	6	0	1	600000	50	0		0	0	0	96	97	98	100	200	300	400	500	
187	40	120	1	9	1	1	1	1	1	7200000	50	0		0	0	0	96	97	98	100	200	300	400	500	
188	40	0	1	8	1	1	5	0	1	600000	50	0		0	0	0	96	97	98	100	200	300	400	500	
189	40	0	1	8	1	1	5	0	1	600000	50	0		0	0	0	96	97	98	100	200	300	400	500	
190	40	0	1	8	1	1	6	0	1	600000	50	0		0	0	0	96	97	98	100	200	300	400	500	
191	40	0	1	9	1	1	5	0	1	100000	50	0		0	0	0	96	97	98	100	200	300	400		
192	40	0	1	8	1	1	5	0	1	600000	50	0		0	0	0	96	97	98	100	200	300	400	500	
193	40	0	1	8	1	1	5	0	1	600000	50	0		0	0	0	96	97	98	100	200	300	400	500	
194	40	0	1	9	1	1	5	0	1	100000	50	0		0	0	0	96	97	98	100	200	300	400		
195	40	0	1	8	1	1	5	0	1	600000	50	0		0	0	0	96	97	98	100	200	300	400	500	
196	40	0	1	8	1	1	1	0	1	600000	50	0		0	0	0	96	97	98	100	200	300	400	500	
197	40	0	1	8	1	1	5	0	1	600000	50	0		0	0	0	96	97	98	100	200	300	400	500	
198	40	0	1	9	1	1	5	0	1	100000	50	0		0	0	0	96	97	98	100	200	300	400	500	
199	40	120	1	9	1	1	1	1	1	100000	50	0		0	0	0	96	97	98	100	200	300	400	500	
200	40	120	1	9	1	1	1	1	1	100000	50	0		0	0	0	96	97	98	100	200	300	400	500	
201	40	120	1	9	1	1	1	1	1	100000	50	0		0	0	0	96	97	98	100	200	300	400	500	
202	40	120	1	9	1	1	1	1	1	100000	50	0		0	0	0	96	97	98	100	200	300	400	500	
203	40	120	1	9	1	1	1	1	1	100000	50	0		0	0	0	96	97	98	100	200	300	400	500	
204	40	120	1	9	1	1	1	1	1	100000	50	0		0	0	0	96	97	98	100	200	300	400	500	
205	40	120	1	9	1	1	1	1	1	100000	50	0		0	0	0	96	97	98	100	200	300	400	500	
206	40	120	1	9	1	1	1	1	1	100000	50	0		0	0	0	96	97	98	100	200	300	400	500	
207	40	120	1	9	1	1	1	1	1	100000	50	0		0	0	0	96	97	98	100	200	300	400	500	
208	40	0	1	8	1	1	5	0	1	600000	50	0		0	0	0	96	97	98	100	200	300	400	500	
209	40	120	1	9	1	1	1	1	1	100000	50	0		0	0	0	96	97	98	100	200	300	400	500	
210	40	120	1	9	1	1	1	1	1	100000	50	0		0	0	0	96	97	98	100	200	300	400	500	
211	40	120	1	9	1	1	1	1	1	100000	50	0		0	0	0	96	97	98	100	200	300	400	500	
212	40	120	1	9	1	1	1	1	1	100000	50	0		0	0	0	96	97	98	100	200	300	400	500	
213	40	0	1	9	1	1	5	0	1	100000	50	0		0	0	0	96	97	98	100	200	300	400	500	
214	40	120	1	9	1	1	5	1	1	100000	50	0		0	0	0	96	97	98	100	200	300	400	500	
215	40	0	1	9	1	1	5	0	1	100000	50	0		0	0	0	96	97	98	100	200	300	400	500	
216	40	120	1	9	1	1	5	1	1	100000	50	0		0	0	0	96	97	98	100	200	300	400	500	
217	40	120	1	9	1	1	5	1	1	100000	50	0		0	0	0	96	97	98	100	200	300	400	500	
218	40	0	1	9	1	1	5	0	1	100000	50	0		0	0	0	96	97	98	100	200	300	400	500	
219	40	0	1	9	1	1	5	0	1	100000	50	0		0	0	0	96	97	98	100	200	300	400	500	
220	40	0	1	9	1	1	5	0	1	100000	50	0		0	0	0	96	97	98	100	200	300	400	500	